url,domain,tld,ingestion_timestamp,http_status,final_url,redirected,response_time_ms,content_type,server_header,html_size,has_https,ssl_error,html_status,creation_date,whois_available,error_msg
https://www.amazon.de,amazon.de,de,2026-01-30 02:47:47.229265,200,https://www.amazon.de/,1,421,text/html,Server,204247,1,0,OK,Unknown/Error,1,
https://www.ebay.de,ebay.de,de,2026-01-30 02:47:48.654688,200,https://www.ebay.de/,1,1105,text/html;charset=UTF-8,ebay-proxy-server,811190,1,0,OK,Unknown/Error,1,
https://www.otto.de,otto.de,de,2026-01-30 02:47:50.777047,200,https://www.otto.de/,1,348,text/html,,268755,1,0,OK,Unknown/Error,1,
https://www.zalando.de,zalando.de,de,2026-01-30 02:47:52.134301,403,https://www.zalando.de/,1,349,text/html,AkamaiNetStorage,131777,1,0,OK,Unknown/Error,1,
https://www.mediamarkt.de,mediamarkt.de,de,2026-01-30 02:47:53.486127,403,https://www.mediamarkt.de/,1,241,text/html; charset=UTF-8,cloudflare,15394,1,0,OK,Unknown/Error,1,
https://www.saturn.de,saturn.de,de,2026-01-30 02:47:54.734079,403,https://www.saturn.de/,1,416,text/html; charset=UTF-8,cloudflare,9772,1,0,OK,Unknown/Error,1,
https://www.alternate.de,alternate.de,de,2026-01-30 02:47:56.157704,200,https://www.alternate.de/,1,932,text/html;charset=UTF-8,cloudflare,132115,1,0,OK,Unknown/Error,1,
https://www.notebooksbilliger.de,notebooksbilliger.de,de,2026-01-30 02:47:58.102151,403,https://www.notebooksbilliger.de/,1,296,text/html,,871,1,0,OK,Unknown/Error,1,
https://www.cyberport.de,cyberport.de,de,2026-01-30 02:47:59.405378,403,https://www.cyberport.de/,1,311,text/html; charset=UTF-8,cloudflare,5455,1,0,OK,Unknown/Error,1,
https://www.conrad.de,conrad.de,de,2026-01-30 02:48:00.725077,200,https://www.conrad.de/,1,393,text/html;charset=utf-8,cloudflare,343273,1,0,OK,Unknown/Error,1,
https://www.thomann.de,thomann.de,de,2026-01-30 02:48:02.140068,200,https://www.thomann.de/intl/index.html,1,702,text/html; charset=UTF-8,cloudflare,565168,1,0,OK,Unknown/Error,1,
https://www.bergfreunde.de,bergfreunde.de,de,2026-01-30 02:48:03.865119,200,https://www.bergfreunde.de/,1,567,text/html; charset=UTF-8,nginx,607362,1,0,OK,Unknown/Error,1,
https://www.decathlon.de,decathlon.de,de,2026-01-30 02:48:05.440291,403,https://www.decathlon.de/,1,915,text/html; charset=UTF-8,cloudflare,7215,1,0,OK,Unknown/Error,1,
https://www.ikea.com/de/de,ikea.com,com,2026-01-30 02:48:07.361313,200,https://www.ikea.com/de/de/,1,1007,text/html; charset=utf-8,cloudflare,531438,1,0,OK,Unknown/Error,1,
https://www.hornbach.de,hornbach.de,de,2026-01-30 02:48:09.391225,200,https://www.hornbach.de/,1,320,text/html; charset=utf-8,,3099,1,0,OK,Unknown/Error,1,
https://www.bauhaus.info,bauhaus.info,info,2026-01-30 02:48:10.718763,403,https://www.bauhaus.info/,1,502,text/html; charset=UTF-8,cloudflare,629778,1,0,OK,Unknown/Error,1,
https://www.dm.de,dm.de,de,2026-01-30 02:48:12.229239,200,https://www.dm.de/,1,345,text/html; charset=utf-8,,10975,1,0,OK,Unknown/Error,1,
https://www.rossmann.de,rossmann.de,de,2026-01-30 02:48:13.578543,200,https://www.rossmann.de/de/,1,538,text/html; charset=utf-8,,3099,1,0,OK,Unknown/Error,1,
https://www.apotheke.de,apotheke.de,de,2026-01-30 02:48:15.123896,403,https://www.apotheke.de/,1,329,text/html; charset=UTF-8,cloudflare,5965,1,0,OK,Unknown/Error,1,
https://www.lidl.de,lidl.de,de,2026-01-30 02:48:16.460960,200,https://www.lidl.de/,1,760,text/html;charset=utf-8,myracloud,1840403,1,0,OK,Unknown/Error,1,
https://www.aldi-onlineshop.de,aldi-onlineshop.de,de,2026-01-30 02:48:18.235220,200,https://www.aldi-onlineshop.de/,1,342,text/html;charset=UTF-8,*,46486,1,0,OK,Unknown/Error,1,
https://www.rewe.de,rewe.de,de,2026-01-30 02:48:19.583776,403,https://www.rewe.de/,1,429,text/html; charset=UTF-8,cloudflare,253844,1,0,OK,Unknown/Error,1,
https://www.edeka.de,edeka.de,de,2026-01-30 02:48:21.025433,403,https://www.edeka.de/,1,325,text/html,AkamaiGHost,366,1,0,OK,Unknown/Error,1,
https://www.peek-cloppenburg.de,peek-cloppenburg.de,de,2026-01-30 02:48:22.358888,403,https://www.peek-cloppenburg.de/,1,259,text/html; charset=UTF-8,cloudflare,7350,1,0,OK,Unknown/Error,1,
https://www.hugendubel.de,hugendubel.de,de,2026-01-30 02:48:23.621602,200,https://www.hugendubel.de/de,1,448,text/html; charset=utf-8,myracloud,520400,1,0,OK,Unknown/Error,1,
https://www.saturn.at,saturn.at,at,2026-01-30 02:48:25.080866,403,https://www.mediamarkt.at/?ref=saturn,1,941,text/html; charset=UTF-8,cloudflare,7271,1,0,OK,Unknown/Error,1,
https://www.apple.com/de,apple.com,com,2026-01-30 02:48:27.025657,200,https://www.apple.com/de/,1,520,text/html; charset=utf-8,Apple,181500,1,0,OK,Unknown/Error,1,
https://www.microsoft.com/de-de,microsoft.com,com,2026-01-30 02:48:28.558062,200,https://www.microsoft.com/de-de,0,363,text/html,AkamaiNetStorage,201253,1,0,OK,Unknown/Error,1,
https://www.nike.com/de,nike.com,com,2026-01-30 02:48:29.925303,200,https://www.nike.com/de,0,561,text/html; charset=UTF-8,unified-edge-router,712793,1,0,OK,Unknown/Error,1,
https://www.adidas.de,adidas.de,de,2026-01-30 02:48:31.501070,403,https://www.adidas.de/,1,303,text/html,AkamaiNetStorage,2937,1,0,OK,Unknown/Error,1,
https://www.aboutyou.de,aboutyou.de,de,2026-01-30 02:48:32.822908,200,https://www.aboutyou.de/dein-shop,1,552,text/html; charset=utf-8,cloudflare,784644,1,0,OK,Unknown/Error,1,
https://www.snipes.com,snipes.com,com,2026-01-30 02:48:34.387772,200,https://www.snipes.com/,1,721,text/html; charset=utf-8,cloudflare,3605566,1,0,OK,Unknown/Error,1,
https://www.zooplus.de,zooplus.de,de,2026-01-30 02:48:36.154393,200,https://www.zooplus.de/,1,549,text/html; charset=utf-8,istio-envoy,960082,1,0,OK,Unknown/Error,1,
https://www.fressnapf.de,fressnapf.de,de,2026-01-30 02:48:37.727073,200,https://www.fressnapf.de/,1,662,text/html;charset=utf-8,,1176297,1,0,OK,Unknown/Error,1,
https://www.tchibo.de,tchibo.de,de,2026-01-30 02:48:39.406760,200,https://www.tchibo.de/,1,525,text/html;charset=utf-8,istio-envoy,1715143,1,0,OK,Unknown/Error,1,
https://www.baur.de,baur.de,de,2026-01-30 02:48:40.972660,200,https://www.baur.de/,1,553,text/html; charset=utf-8,istio-envoy,1153501,1,0,OK,Unknown/Error,1,
https://www.louis.de,louis.de,de,2026-01-30 02:48:42.544456,403,https://www.louis.de/,1,281,text/html,AkamaiGHost,366,1,0,OK,Unknown/Error,1,
https://www.babywalz.de,babywalz.de,de,2026-01-30 02:48:43.832349,200,https://www.baby-walz.de/,1,934,text/html;charset=utf-8,Vercel,588729,1,0,OK,Unknown/Error,1,
https://www.obi.de,obi.de,de,2026-01-30 02:48:45.771609,200,https://www.obi.de/,1,393,text/html;charset=utf-8,CloudFront,542561,1,0,OK,Unknown/Error,1,
https://www.galaxus.de,galaxus.de,de,2026-01-30 02:48:47.173808,403,https://www.galaxus.de/,1,308,text/html,,70955,1,0,OK,Unknown/Error,1,
https://www.douglas.de,douglas.de,de,2026-01-30 02:48:48.490346,400,https://www.douglas.de/,1,1352,text/html,,339,1,0,OK,Unknown/Error,1,
https://www.sephora.de,sephora.de,de,2026-01-30 02:48:50.847099,403,https://www.sephora.de/,1,1455,text/html,AkamaiGHost,368,1,0,OK,Unknown/Error,1,
https://www.misterspex.de,misterspex.de,de,2026-01-30 02:48:53.305637,200,https://www.misterspex.de/,1,516,text/html; charset=utf-8,envoy,352796,1,0,OK,Unknown/Error,1,
https://www.eventim.de,eventim.de,de,2026-01-30 02:48:54.837847,0,,0,0,,,0,0,1,FAIL,Unknown/Error,1,"HTTPSConnectionPool(host='www.eventim.de', port=443): Read timed out. (read timeout=15)"
https://www.booking.com,booking.com,com,2026-01-30 02:49:11.036921,202,https://www.booking.com/,1,384,text/html,nginx,3962,1,0,OK,Unknown/Error,1,
https://www.etsy.com/de,etsy.com,com,2026-01-30 02:49:12.425329,403,https://www.etsy.com/de,0,364,text/html;charset=utf-8,DataDome,779,1,0,OK,Unknown/Error,1,
https://www.lego.com/de-de,lego.com,com,2026-01-30 02:49:13.794278,403,https://www.lego.com/de-de,0,310,text/html; charset=UTF-8,cloudflare,7312,1,0,OK,Unknown/Error,1,
https://www.mediamarkt.at,mediamarkt.at,at,2026-01-30 02:49:15.111323,403,https://www.mediamarkt.at/,1,235,text/html; charset=UTF-8,cloudflare,7451,1,0,OK,Unknown/Error,1,
http://atualizacaodedados.online,atualizacaodedados.online,online,2026-01-30 02:49:16.355875,0,,0,0,,,0,0,1,FAIL,Unknown/Error,1,"HTTPConnectionPool(host='atualizacaodedados.online', port=80): Max retries exceeded with url: / (Caused by NameResolutionError(""HTTPConnection(host='atualizacaodedados.online', port=80): Failed to resolve 'atualizacaodedados.online' ([Errno 11001] getaddrinfo failed)""))"
http://mercadobiitcoin.com,mercadobiitcoin.com,com,2026-01-30 02:49:17.395047,0,,0,0,,,0,0,1,FAIL,Unknown/Error,1,"HTTPConnectionPool(host='mercadobiitcoin.com', port=80): Max retries exceeded with url: / (Caused by NameResolutionError(""HTTPConnection(host='mercadobiitcoin.com', port=80): Failed to resolve 'mercadobiitcoin.com' ([Errno 11001] getaddrinfo failed)""))"
http://token-selfkey.org,token-selfkey.org,org,2026-01-30 02:49:18.449031,0,,0,0,,,0,0,1,FAIL,Unknown/Error,1,"HTTPConnectionPool(host='token-selfkey.org', port=80): Max retries exceeded with url: / (Caused by NameResolutionError(""HTTPConnection(host='token-selfkey.org', port=80): Failed to resolve 'token-selfkey.org' ([Errno 11001] getaddrinfo failed)""))"
http://cancel.direct.page-scure247899.com,cancel.direct.page-scure247899.com,com,2026-01-30 02:49:19.493604,0,,0,0,,,0,0,1,FAIL,Unknown/Error,1,"HTTPConnectionPool(host='cancel.direct.page-scure247899.com', port=80): Max retries exceeded with url: / (Caused by NameResolutionError(""HTTPConnection(host='cancel.direct.page-scure247899.com', port=80): Failed to resolve 'cancel.direct.page-scure247899.com' ([Errno 11001] getaddrinfo failed)""))"
http://tevhidigundem.ml,tevhidigundem.ml,ml,2026-01-30 02:49:20.540716,0,,0,0,,,0,0,1,FAIL,Unknown/Error,1,"HTTPConnectionPool(host='tevhidigundem.ml', port=80): Max retries exceeded with url: / (Caused by NameResolutionError(""HTTPConnection(host='tevhidigundem.ml', port=80): Failed to resolve 'tevhidigundem.ml' ([Errno 11001] getaddrinfo failed)""))"
http://secure-login-paypal-alert.com,secure-login-paypal-alert.com,com,2026-01-30 02:49:21.585778,0,,0,0,,,0,0,1,FAIL,Unknown/Error,1,"HTTPConnectionPool(host='secure-login-paypal-alert.com', port=80): Max retries exceeded with url: / (Caused by NameResolutionError(""HTTPConnection(host='secure-login-paypal-alert.com', port=80): Failed to resolve 'secure-login-paypal-alert.com' ([Errno 11001] getaddrinfo failed)""))"
http://account-verification-amazon.net,account-verification-amazon.net,net,2026-01-30 02:49:22.620455,0,,0,0,,,0,0,1,FAIL,Unknown/Error,1,"HTTPConnectionPool(host='account-verification-amazon.net', port=80): Max retries exceeded with url: / (Caused by NameResolutionError(""HTTPConnection(host='account-verification-amazon.net', port=80): Failed to resolve 'account-verification-amazon.net' ([Errno 11001] getaddrinfo failed)""))"
http://support-paypal-update.info,support-paypal-update.info,info,2026-01-30 02:49:23.655229,0,,0,0,,,0,0,1,FAIL,Unknown/Error,1,"HTTPConnectionPool(host='support-paypal-update.info', port=80): Max retries exceeded with url: / (Caused by NameResolutionError(""HTTPConnection(host='support-paypal-update.info', port=80): Failed to resolve 'support-paypal-update.info' ([Errno 11001] getaddrinfo failed)""))"
http://login-facebook-security.com,login-facebook-security.com,com,2026-01-30 02:49:24.698815,0,,0,0,,,0,0,1,FAIL,Unknown/Error,1,"HTTPConnectionPool(host='login-facebook-security.com', port=80): Max retries exceeded with url: / (Caused by NameResolutionError(""HTTPConnection(host='login-facebook-security.com', port=80): Failed to resolve 'login-facebook-security.com' ([Errno 11001] getaddrinfo failed)""))"
http://verify-appleid-support.net,verify-appleid-support.net,net,2026-01-30 02:49:25.732646,0,,0,0,,,0,0,1,FAIL,Unknown/Error,1,"HTTPConnectionPool(host='verify-appleid-support.net', port=80): Max retries exceeded with url: / (Caused by NameResolutionError(""HTTPConnection(host='verify-appleid-support.net', port=80): Failed to resolve 'verify-appleid-support.net' ([Errno 11001] getaddrinfo failed)""))"
http://secure-google-account-alert.com,secure-google-account-alert.com,com,2026-01-30 02:49:26.773833,0,,0,0,,,0,0,1,FAIL,Unknown/Error,1,"HTTPConnectionPool(host='secure-google-account-alert.com', port=80): Max retries exceeded with url: / (Caused by NameResolutionError(""HTTPConnection(host='secure-google-account-alert.com', port=80): Failed to resolve 'secure-google-account-alert.com' ([Errno 11001] getaddrinfo failed)""))"
http://amazon-delivery-status.info,amazon-delivery-status.info,info,2026-01-30 02:49:27.820899,0,,0,0,,,0,0,1,FAIL,Unknown/Error,1,"HTTPConnectionPool(host='amazon-delivery-status.info', port=80): Max retries exceeded with url: / (Caused by NameResolutionError(""HTTPConnection(host='amazon-delivery-status.info', port=80): Failed to resolve 'amazon-delivery-status.info' ([Errno 11001] getaddrinfo failed)""))"
http://ebay-konto-sperrung.net,ebay-konto-sperrung.net,net,2026-01-30 02:49:28.874963,0,,0,0,,,0,0,1,FAIL,Unknown/Error,1,"HTTPConnectionPool(host='ebay-konto-sperrung.net', port=80): Max retries exceeded with url: / (Caused by NameResolutionError(""HTTPConnection(host='ebay-konto-sperrung.net', port=80): Failed to resolve 'ebay-konto-sperrung.net' ([Errno 11001] getaddrinfo failed)""))"
http://netflix-billing-update.com,netflix-billing-update.com,com,2026-01-30 02:49:29.929294,0,,0,0,,,0,0,1,FAIL,Unknown/Error,1,"HTTPConnectionPool(host='netflix-billing-update.com', port=80): Max retries exceeded with url: / (Caused by NameResolutionError(""HTTPConnection(host='netflix-billing-update.com', port=80): Failed to resolve 'netflix-billing-update.com' ([Errno 11001] getaddrinfo failed)""))"
http://spotify-account-warning.net,spotify-account-warning.net,net,2026-01-30 02:49:30.999290,0,,0,0,,,0,0,1,FAIL,Unknown/Error,1,"HTTPConnectionPool(host='spotify-account-warning.net', port=80): Max retries exceeded with url: / (Caused by NameResolutionError(""HTTPConnection(host='spotify-account-warning.net', port=80): Failed to resolve 'spotify-account-warning.net' ([Errno 11001] getaddrinfo failed)""))"
http://instagram-security-check.com,instagram-security-check.com,com,2026-01-30 02:49:32.040007,0,,0,0,,,0,0,1,FAIL,Unknown/Error,1,"HTTPConnectionPool(host='instagram-security-check.com', port=80): Max retries exceeded with url: / (Caused by NameResolutionError(""HTTPConnection(host='instagram-security-check.com', port=80): Failed to resolve 'instagram-security-check.com' ([Errno 11001] getaddrinfo failed)""))"
http://microsoft-login-verify.com,microsoft-login-verify.com,com,2026-01-30 02:49:33.119976,0,,0,0,,,0,0,1,FAIL,Unknown/Error,1,"HTTPConnectionPool(host='microsoft-login-verify.com', port=80): Max retries exceeded with url: / (Caused by NameResolutionError(""HTTPConnection(host='microsoft-login-verify.com', port=80): Failed to resolve 'microsoft-login-verify.com' ([Errno 11001] getaddrinfo failed)""))"
http://icloud-support-alert.net,icloud-support-alert.net,net,2026-01-30 02:49:34.199823,0,,0,0,,,0,0,1,FAIL,Unknown/Error,1,"HTTPConnectionPool(host='icloud-support-alert.net', port=80): Max retries exceeded with url: / (Caused by NameResolutionError(""HTTPConnection(host='icloud-support-alert.net', port=80): Failed to resolve 'icloud-support-alert.net' ([Errno 11001] getaddrinfo failed)""))"
http://dhl-track-shipment.info,dhl-track-shipment.info,info,2026-01-30 02:49:35.240835,0,,0,0,,,0,0,1,FAIL,Unknown/Error,1,"HTTPConnectionPool(host='dhl-track-shipment.info', port=80): Max retries exceeded with url: / (Caused by NameResolutionError(""HTTPConnection(host='dhl-track-shipment.info', port=80): Failed to resolve 'dhl-track-shipment.info' ([Errno 11001] getaddrinfo failed)""))"
http://ups-delivery-notice.net,ups-delivery-notice.net,net,2026-01-30 02:49:36.283405,0,,0,0,,,0,0,1,FAIL,Unknown/Error,1,"HTTPConnectionPool(host='ups-delivery-notice.net', port=80): Max retries exceeded with url: / (Caused by NameResolutionError(""HTTPConnection(host='ups-delivery-notice.net', port=80): Failed to resolve 'ups-delivery-notice.net' ([Errno 11001] getaddrinfo failed)""))"
http://fedex-tracking-alert.com,fedex-tracking-alert.com,com,2026-01-30 02:49:37.327614,0,,0,0,,,0,0,1,FAIL,Unknown/Error,1,"HTTPConnectionPool(host='fedex-tracking-alert.com', port=80): Max retries exceeded with url: / (Caused by NameResolutionError(""HTTPConnection(host='fedex-tracking-alert.com', port=80): Failed to resolve 'fedex-tracking-alert.com' ([Errno 11001] getaddrinfo failed)""))"
http://postbank-sicherheitswarnung.com,postbank-sicherheitswarnung.com,com,2026-01-30 02:49:38.409554,0,,0,0,,,0,0,1,FAIL,Unknown/Error,1,"HTTPConnectionPool(host='postbank-sicherheitswarnung.com', port=80): Max retries exceeded with url: / (Caused by NameResolutionError(""HTTPConnection(host='postbank-sicherheitswarnung.com', port=80): Failed to resolve 'postbank-sicherheitswarnung.com' ([Errno 11001] getaddrinfo failed)""))"
http://sparkasse-konto-pruefung.net,sparkasse-konto-pruefung.net,net,2026-01-30 02:49:39.494689,0,,0,0,,,0,0,1,FAIL,Unknown/Error,1,"HTTPConnectionPool(host='sparkasse-konto-pruefung.net', port=80): Max retries exceeded with url: / (Caused by NameResolutionError(""HTTPConnection(host='sparkasse-konto-pruefung.net', port=80): Failed to resolve 'sparkasse-konto-pruefung.net' ([Errno 11001] getaddrinfo failed)""))"
http://paypal-konto-einschraenkung.com,paypal-konto-einschraenkung.com,com,2026-01-30 02:49:40.530712,0,,0,0,,,0,0,1,FAIL,Unknown/Error,1,"HTTPConnectionPool(host='paypal-konto-einschraenkung.com', port=80): Max retries exceeded with url: / (Caused by NameResolutionError(""HTTPConnection(host='paypal-konto-einschraenkung.com', port=80): Failed to resolve 'paypal-konto-einschraenkung.com' ([Errno 11001] getaddrinfo failed)""))"
http://amazon-refund-center.net,amazon-refund-center.net,net,2026-01-30 02:49:41.581476,0,,0,0,,,0,0,1,FAIL,Unknown/Error,1,"HTTPConnectionPool(host='amazon-refund-center.net', port=80): Max retries exceeded with url: / (Caused by NameResolutionError(""HTTPConnection(host='amazon-refund-center.net', port=80): Failed to resolve 'amazon-refund-center.net' ([Errno 11001] getaddrinfo failed)""))"
http://klarna-payment-issue.com,klarna-payment-issue.com,com,2026-01-30 02:49:42.624676,0,,0,0,,,0,0,1,FAIL,Unknown/Error,1,"HTTPConnectionPool(host='klarna-payment-issue.com', port=80): Max retries exceeded with url: / (Caused by NameResolutionError(""HTTPConnection(host='klarna-payment-issue.com', port=80): Failed to resolve 'klarna-payment-issue.com' ([Errno 11001] getaddrinfo failed)""))"
http://booking-confirmation-alert.net,booking-confirmation-alert.net,net,2026-01-30 02:49:43.664970,0,,0,0,,,0,0,1,FAIL,Unknown/Error,1,"HTTPConnectionPool(host='booking-confirmation-alert.net', port=80): Max retries exceeded with url: / (Caused by NameResolutionError(""HTTPConnection(host='booking-confirmation-alert.net', port=80): Failed to resolve 'booking-confirmation-alert.net' ([Errno 11001] getaddrinfo failed)""))"
http://airbnb-support-check.com,airbnb-support-check.com,com,2026-01-30 02:49:44.701088,0,,0,0,,,0,0,1,FAIL,Unknown/Error,1,"HTTPConnectionPool(host='airbnb-support-check.com', port=80): Max retries exceeded with url: / (Caused by NameResolutionError(""HTTPConnection(host='airbnb-support-check.com', port=80): Failed to resolve 'airbnb-support-check.com' ([Errno 11001] getaddrinfo failed)""))"
http://trustedshops-zertifikat.info,trustedshops-zertifikat.info,info,2026-01-30 02:49:45.738585,0,,0,0,,,0,0,1,FAIL,Unknown/Error,1,"HTTPConnectionPool(host='trustedshops-zertifikat.info', port=80): Max retries exceeded with url: / (Caused by NameResolutionError(""HTTPConnection(host='trustedshops-zertifikat.info', port=80): Failed to resolve 'trustedshops-zertifikat.info' ([Errno 11001] getaddrinfo failed)""))"
http://shop-verifikation-required.com,shop-verifikation-required.com,com,2026-01-30 02:49:46.789841,0,,0,0,,,0,0,1,FAIL,Unknown/Error,1,"HTTPConnectionPool(host='shop-verifikation-required.com', port=80): Max retries exceeded with url: / (Caused by NameResolutionError(""HTTPConnection(host='shop-verifikation-required.com', port=80): Failed to resolve 'shop-verifikation-required.com' ([Errno 11001] getaddrinfo failed)""))"
http://kundenkonto-aktualisierung.net,kundenkonto-aktualisierung.net,net,2026-01-30 02:49:47.833079,0,,0,0,,,0,0,1,FAIL,Unknown/Error,1,"HTTPConnectionPool(host='kundenkonto-aktualisierung.net', port=80): Max retries exceeded with url: / (Caused by NameResolutionError(""HTTPConnection(host='kundenkonto-aktualisierung.net', port=80): Failed to resolve 'kundenkonto-aktualisierung.net' ([Errno 11001] getaddrinfo failed)""))"
http://online-shop-support24.com,online-shop-support24.com,com,2026-01-30 02:49:48.886868,0,,0,0,,,0,0,1,FAIL,Unknown/Error,1,"HTTPConnectionPool(host='online-shop-support24.com', port=80): Max retries exceeded with url: / (Caused by NameResolutionError(""HTTPConnection(host='online-shop-support24.com', port=80): Failed to resolve 'online-shop-support24.com' ([Errno 11001] getaddrinfo failed)""))"
http://zahlung-offen-status.net,zahlung-offen-status.net,net,2026-01-30 02:49:49.938129,0,,0,0,,,0,0,1,FAIL,Unknown/Error,1,"HTTPConnectionPool(host='zahlung-offen-status.net', port=80): Max retries exceeded with url: / (Caused by NameResolutionError(""HTTPConnection(host='zahlung-offen-status.net', port=80): Failed to resolve 'zahlung-offen-status.net' ([Errno 11001] getaddrinfo failed)""))"
http://bestellbestaetigung-portal.com,bestellbestaetigung-portal.com,com,2026-01-30 02:49:51.018047,0,,0,0,,,0,0,1,FAIL,Unknown/Error,1,"HTTPConnectionPool(host='bestellbestaetigung-portal.com', port=80): Max retries exceeded with url: / (Caused by NameResolutionError(""HTTPConnection(host='bestellbestaetigung-portal.com', port=80): Failed to resolve 'bestellbestaetigung-portal.com' ([Errno 11001] getaddrinfo failed)""))"
http://account-suspend-warning.net,account-suspend-warning.net,net,2026-01-30 02:49:52.063425,0,,0,0,,,0,0,1,FAIL,Unknown/Error,1,"HTTPConnectionPool(host='account-suspend-warning.net', port=80): Max retries exceeded with url: / (Caused by NameResolutionError(""HTTPConnection(host='account-suspend-warning.net', port=80): Failed to resolve 'account-suspend-warning.net' ([Errno 11001] getaddrinfo failed)""))"
http://login-secure-portal.com,login-secure-portal.com,com,2026-01-30 02:49:53.106336,0,,0,0,,,0,0,1,FAIL,Unknown/Error,1,"('Connection aborted.', ConnectionResetError(10054, 'Eine vorhandene Verbindung wurde vom Remotehost geschlossen', None, 10054, None))"
http://update-billing-info.net,update-billing-info.net,net,2026-01-30 02:49:54.405446,200,http://update-billing-info.net/,1,874,text/html; charset=utf-8,Microsoft-IIS/10.0,63962,0,0,OK,Unknown/Error,1,
http://support-center-login.net,support-center-login.net,net,2026-01-30 02:49:56.288933,0,,0,0,,,0,0,1,FAIL,Unknown/Error,1,"HTTPConnectionPool(host='support-center-login.net', port=80): Max retries exceeded with url: / (Caused by NameResolutionError(""HTTPConnection(host='support-center-login.net', port=80): Failed to resolve 'support-center-login.net' ([Errno 11001] getaddrinfo failed)""))"
http://payment-security-check.com,payment-security-check.com,com,2026-01-30 02:49:57.342638,0,,0,0,,,0,0,1,FAIL,Unknown/Error,1,"HTTPConnectionPool(host='payment-security-check.com', port=80): Max retries exceeded with url: / (Caused by NameResolutionError(""HTTPConnection(host='payment-security-check.com', port=80): Failed to resolve 'payment-security-check.com' ([Errno 11001] getaddrinfo failed)""))"
http://kundenservice-verifikation.com,kundenservice-verifikation.com,com,2026-01-30 02:49:58.383177,0,,0,0,,,0,0,1,FAIL,Unknown/Error,1,"HTTPConnectionPool(host='kundenservice-verifikation.com', port=80): Max retries exceeded with url: / (Caused by NameResolutionError(""HTTPConnection(host='kundenservice-verifikation.com', port=80): Failed to resolve 'kundenservice-verifikation.com' ([Errno 11001] getaddrinfo failed)""))"
http://onlinezahlung-sicher.net,onlinezahlung-sicher.net,net,2026-01-30 02:49:59.431842,0,,0,0,,,0,0,1,FAIL,Unknown/Error,1,"HTTPConnectionPool(host='onlinezahlung-sicher.net', port=80): Max retries exceeded with url: / (Caused by NameResolutionError(""HTTPConnection(host='onlinezahlung-sicher.net', port=80): Failed to resolve 'onlinezahlung-sicher.net' ([Errno 11001] getaddrinfo failed)""))"
http://konto-verifizierung-jetzt.com,konto-verifizierung-jetzt.com,com,2026-01-30 02:50:00.482001,0,,0,0,,,0,0,1,FAIL,Unknown/Error,1,"HTTPConnectionPool(host='konto-verifizierung-jetzt.com', port=80): Max retries exceeded with url: / (Caused by NameResolutionError(""HTTPConnection(host='konto-verifizierung-jetzt.com', port=80): Failed to resolve 'konto-verifizierung-jetzt.com' ([Errno 11001] getaddrinfo failed)""))"
http://secure-payment-gateway.net,secure-payment-gateway.net,net,2026-01-30 02:50:01.546977,0,,0,0,,,0,0,1,FAIL,Unknown/Error,1,"HTTPConnectionPool(host='secure-payment-gateway.net', port=80): Max retries exceeded with url: / (Caused by NameResolutionError(""HTTPConnection(host='secure-payment-gateway.net', port=80): Failed to resolve 'secure-payment-gateway.net' ([Errno 11001] getaddrinfo failed)""))"
http://kundenportal-update.com,kundenportal-update.com,com,2026-01-30 02:50:02.600149,0,,0,0,,,0,0,1,FAIL,Unknown/Error,1,"HTTPConnectionPool(host='kundenportal-update.com', port=80): Max retries exceeded with url: / (Caused by NameResolutionError(""HTTPConnection(host='kundenportal-update.com', port=80): Failed to resolve 'kundenportal-update.com' ([Errno 11001] getaddrinfo failed)""))"
http://account-protection-check.net,account-protection-check.net,net,2026-01-30 02:50:03.643488,0,,0,0,,,0,0,1,FAIL,Unknown/Error,1,"HTTPConnectionPool(host='account-protection-check.net', port=80): Max retries exceeded with url: / (Caused by NameResolutionError(""HTTPConnection(host='account-protection-check.net', port=80): Failed to resolve 'account-protection-check.net' ([Errno 11001] getaddrinfo failed)""))"
http://secure-shop-login.com,secure-shop-login.com,com,2026-01-30 02:50:04.681739,0,,0,0,,,0,0,1,FAIL,Unknown/Error,1,"HTTPConnectionPool(host='secure-shop-login.com', port=80): Max retries exceeded with url: / (Caused by NameResolutionError(""HTTPConnection(host='secure-shop-login.com', port=80): Failed to resolve 'secure-shop-login.com' ([Errno 11001] getaddrinfo failed)""))"
http://shop-sicherheitscenter.net,shop-sicherheitscenter.net,net,2026-01-30 02:50:05.740214,0,,0,0,,,0,0,1,FAIL,Unknown/Error,1,"HTTPConnectionPool(host='shop-sicherheitscenter.net', port=80): Max retries exceeded with url: / (Caused by NameResolutionError(""HTTPConnection(host='shop-sicherheitscenter.net', port=80): Failed to resolve 'shop-sicherheitscenter.net' ([Errno 11001] getaddrinfo failed)""))"
http://account-verification-center.com,account-verification-center.com,com,2026-01-30 02:50:06.783861,0,,0,0,,,0,0,1,FAIL,Unknown/Error,1,"HTTPConnectionPool(host='account-verification-center.com', port=80): Max retries exceeded with url: / (Caused by NameResolutionError(""HTTPConnection(host='account-verification-center.com', port=80): Failed to resolve 'account-verification-center.com' ([Errno 11001] getaddrinfo failed)""))"
http://www.radselect.de,radselect.de,de,2026-01-30 02:50:07.833023,0,,0,0,,,0,0,1,FAIL,Unknown/Error,1,"HTTPConnectionPool(host='www.radselect.de', port=80): Read timed out. (read timeout=15)"
http://www.shelterene.com,shelterene.com,com,2026-01-30 02:50:23.925468,0,,0,0,,,0,0,1,FAIL,Unknown/Error,1,"('Connection aborted.', ConnectionResetError(10054, 'Eine vorhandene Verbindung wurde vom Remotehost geschlossen', None, 10054, None))"
https://www.amazon.de,amazon.de,de,2026-01-30 02:50:25.122422,200,https://www.amazon.de/,1,949,text/html;charset=UTF-8,Server,986283,1,0,OK,Unknown/Error,1,
https://www.ebay.de,ebay.de,de,2026-01-30 02:50:27.090359,200,https://www.ebay.de/,1,1023,text/html;charset=UTF-8,ebay-proxy-server,811879,1,0,OK,Unknown/Error,1,
https://www.otto.de,otto.de,de,2026-01-30 02:50:29.136435,200,https://www.otto.de/,1,345,text/html,,262572,1,0,OK,Unknown/Error,1,
https://www.zalando.de,zalando.de,de,2026-01-30 02:50:30.487773,0,,0,0,,,0,0,1,FAIL,Unknown/Error,1,"HTTPSConnectionPool(host='www.zalando.de', port=443): Read timed out. (read timeout=15)"
https://www.mediamarkt.de,mediamarkt.de,de,2026-01-30 02:50:46.725661,403,https://www.mediamarkt.de/,1,261,text/html; charset=UTF-8,cloudflare,15629,1,0,OK,Unknown/Error,1,
https://www.saturn.de,saturn.de,de,2026-01-30 02:50:47.990061,403,https://www.saturn.de/,1,254,text/html; charset=UTF-8,cloudflare,9986,1,0,OK,Unknown/Error,1,
https://www.alternate.de,alternate.de,de,2026-01-30 02:50:49.248600,200,https://www.alternate.de/,1,503,text/html;charset=UTF-8,cloudflare,131376,1,0,OK,Unknown/Error,1,
https://www.notebooksbilliger.de,notebooksbilliger.de,de,2026-01-30 02:50:50.760644,403,https://www.notebooksbilliger.de/,1,360,text/html,,871,1,0,OK,Unknown/Error,1,
https://www.conrad.de,conrad.de,de,2026-01-30 02:50:52.122630,200,https://www.conrad.de/,1,288,text/html;charset=utf-8,cloudflare,343273,1,0,OK,Unknown/Error,1,
https://www.cyberport.de,cyberport.de,de,2026-01-30 02:50:53.416862,403,https://www.cyberport.de/,1,253,text/html; charset=UTF-8,cloudflare,5455,1,0,OK,Unknown/Error,1,
https://www.thomann.de,thomann.de,de,2026-01-30 02:50:54.677528,200,https://www.thomann.de/intl/index.html,1,589,text/html; charset=UTF-8,cloudflare,565379,1,0,OK,Unknown/Error,1,
https://www.ikea.com,ikea.com,com,2026-01-30 02:50:56.272580,200,https://www.ikea.com/,1,471,text/html; charset=utf-8,cloudflare,729284,1,0,OK,Unknown/Error,1,
https://www.lidl.de,lidl.de,de,2026-01-30 02:50:57.769054,200,https://www.lidl.de/,1,641,text/html;charset=utf-8,myracloud,1840403,1,0,OK,Unknown/Error,1,
https://www.aldi-onlineshop.de,aldi-onlineshop.de,de,2026-01-30 02:50:59.419814,200,https://www.aldi-onlineshop.de/,1,310,text/html;charset=UTF-8,*,46486,1,0,OK,Unknown/Error,1,
https://www.rewe.de,rewe.de,de,2026-01-30 02:51:00.736805,403,https://www.rewe.de/,1,422,text/html; charset=UTF-8,cloudflare,254078,1,0,OK,Unknown/Error,1,
https://www.edeka.de,edeka.de,de,2026-01-30 02:51:02.170511,403,https://www.edeka.de/,1,224,text/html,AkamaiGHost,366,1,0,OK,Unknown/Error,1,
https://www.dm.de,dm.de,de,2026-01-30 02:51:03.398816,200,https://www.dm.de/,1,312,text/html; charset=utf-8,,10975,1,0,OK,Unknown/Error,1,
https://www.rossmann.de,rossmann.de,de,2026-01-30 02:51:04.713709,200,https://www.rossmann.de/de/,1,524,text/html; charset=utf-8,,3099,1,0,OK,Unknown/Error,1,
https://www.apotheken-umschau.de,apotheken-umschau.de,de,2026-01-30 02:51:06.244394,200,https://www.apotheken-umschau.de/,1,460,text/html; charset=UTF-8,,461473,1,0,OK,Unknown/Error,1,
https://www.douglas.de,douglas.de,de,2026-01-30 02:51:07.724694,400,https://www.douglas.de/,1,301,text/html,,339,1,0,OK,Unknown/Error,1,
https://www.flaconi.de,flaconi.de,de,2026-01-30 02:51:09.031463,403,https://www.flaconi.de/,1,323,text/html; charset=UTF-8,cloudflare,7256,1,0,OK,Unknown/Error,1,
https://www.zara.com,zara.com,com,2026-01-30 02:51:10.361458,403,https://www.zara.com/,1,352,text/html,,194,1,0,OK,Unknown/Error,1,
https://www.hm.com,hm.com,com,2026-01-30 02:51:11.730513,403,https://www.hm.com/,1,270,text/html,AkamaiGHost,360,1,0,OK,Unknown/Error,1,
https://www.c-and-a.com,c-and-a.com,com,2026-01-30 02:51:13.004583,200,https://www.c-and-a.com/nl/nl/shop?showCountrySelector=true,1,784,text/html; charset=utf-8,cloudflare,658345,1,0,OK,Unknown/Error,1,
https://www.peek-cloppenburg.de,peek-cloppenburg.de,de,2026-01-30 02:51:14.805607,403,https://www.peek-cloppenburg.de/,1,257,text/html; charset=UTF-8,cloudflare,7585,1,0,OK,Unknown/Error,1,
https://www.aboutyou.de,aboutyou.de,de,2026-01-30 02:51:16.069370,200,https://www.aboutyou.de/dein-shop,1,452,text/html; charset=utf-8,cloudflare,784644,1,0,OK,Unknown/Error,1,
https://www.breuninger.com,breuninger.com,com,2026-01-30 02:51:17.536538,200,https://www.breuninger.com/de/,1,583,text/html;charset=UTF-8,myracloud,511101,1,0,OK,Unknown/Error,1,
https://www.tchibo.de,tchibo.de,de,2026-01-30 02:51:19.129062,200,https://www.tchibo.de/,1,471,text/html;charset=utf-8,istio-envoy,1715143,1,0,OK,Unknown/Error,1,
https://www.lego.com,lego.com,com,2026-01-30 02:51:20.640485,403,https://www.lego.com/,1,202,text/html; charset=UTF-8,cloudflare,7532,1,0,OK,Unknown/Error,1,
https://www.playmobil.de,playmobil.de,de,2026-01-30 02:51:21.846416,200,https://www.playmobil.com/de-de/,1,1288,text/html;charset=UTF-8,cloudflare,403653,1,0,OK,Unknown/Error,1,
https://www.smythstoys.com,smythstoys.com,com,2026-01-30 02:51:24.143372,200,https://www.smythstoys.com/,1,291,text/html,,1166,1,0,OK,Unknown/Error,1,
https://www.decathlon.de,decathlon.de,de,2026-01-30 02:51:25.440261,403,https://www.decathlon.de/,1,242,text/html; charset=UTF-8,cloudflare,7428,1,0,OK,Unknown/Error,1,
https://www.intersport.de,intersport.de,de,2026-01-30 02:51:26.705695,200,https://www.intersport.de/,1,479,text/html,nginx/1.29.3,708935,1,0,OK,Unknown/Error,1,
https://www.bergfreunde.de,bergfreunde.de,de,2026-01-30 02:51:28.201235,200,https://www.bergfreunde.de/,1,526,text/html; charset=UTF-8,nginx,607359,1,0,OK,Unknown/Error,1,
https://www.globetrotter.de,globetrotter.de,de,2026-01-30 02:51:29.745955,200,https://www.globetrotter.de/,1,543,text/html;charset=UTF-8,nginx,495406,1,0,OK,Unknown/Error,1,
https://www.bike-discount.de,bike-discount.de,de,2026-01-30 02:51:31.310182,403,https://www.bike-discount.de/,1,292,text/html; charset=UTF-8,cloudflare,5051,1,0,OK,Unknown/Error,1,
https://www.louis.de,louis.de,de,2026-01-30 02:51:32.608455,403,https://www.louis.de/,1,256,text/html,AkamaiGHost,366,1,0,OK,Unknown/Error,1,
https://www.polo-motorrad.com,polo-motorrad.com,com,2026-01-30 02:51:33.870735,200,https://www.polo-motorrad.com/de-de/,1,615,text/html; charset=UTF-8,smoxy,2799177,1,0,OK,Unknown/Error,1,
https://www.autodoc.de,autodoc.de,de,2026-01-30 02:51:35.526187,403,https://www.autodoc.de/,1,332,text/html; charset=UTF-8,cloudflare,7719,1,0,OK,Unknown/Error,1,
https://www.reifen.com,reifen.com,com,2026-01-30 02:51:36.865722,200,https://www.reifen.com/,1,445,text/html; charset=utf-8,,19303,1,0,OK,Unknown/Error,1,
https://www.pneuhage.de,pneuhage.de,de,2026-01-30 02:51:38.319279,200,https://www.pneuhage.de/,1,448,text/html; charset=UTF-8,Apache,422636,1,0,OK,Unknown/Error,1,
https://www.bauhaus.info,bauhaus.info,info,2026-01-30 02:51:39.776706,403,https://www.bauhaus.info/,1,450,text/html; charset=UTF-8,cloudflare,629778,1,0,OK,Unknown/Error,1,
https://www.hornbach.de,hornbach.de,de,2026-01-30 02:51:41.261568,200,https://www.hornbach.de/,1,327,text/html; charset=utf-8,,3099,1,0,OK,Unknown/Error,1,
https://www.obi.de,obi.de,de,2026-01-30 02:51:42.592614,200,https://www.obi.de/,1,335,text/html;charset=utf-8,CloudFront,542561,1,0,OK,Unknown/Error,1,
https://www.toom.de,toom.de,de,2026-01-30 02:51:43.937477,200,https://toom.de/,1,683,text/html;charset=utf-8,,775295,1,0,OK,Unknown/Error,1,
https://www.xxxlutz.de,xxxlutz.de,de,2026-01-30 02:51:45.642336,403,https://www.xxxlutz.de/,1,335,text/html; charset=UTF-8,cloudflare,7213,1,0,OK,Unknown/Error,1,
https://www.roller.de,roller.de,de,2026-01-30 02:51:46.984011,200,https://www.roller.de/,1,411,text/html;charset=utf-8,,283348,1,0,OK,Unknown/Error,1,
https://www.home24.de,home24.de,de,2026-01-30 02:51:48.405449,403,https://www.home24.de/,1,279,text/html,,3900,1,0,OK,Unknown/Error,1,
https://www.westwing.de,westwing.de,de,2026-01-30 02:51:49.691008,200,https://www.westwing.de/,1,547,text/html,cloudflare,730256,1,0,OK,Unknown/Error,1,
https://www.otto-office.com,otto-office.com,com,2026-01-30 02:51:51.252034,200,https://www.otto-office.com/de/app/specials/countryselect,1,780,text/html,Apache,12193,1,0,OK,Unknown/Error,1,
https://www.viking.de,viking.de,de,2026-01-30 02:51:53.035905,200,https://www.viking.de/de/,1,617,text/html;charset=UTF-8,*,1032455,1,0,OK,Unknown/Error,1,
https://www.zooplus.de,zooplus.de,de,2026-01-30 02:51:54.669470,200,https://www.zooplus.de/,1,523,text/html; charset=utf-8,istio-envoy,960082,1,0,OK,Unknown/Error,1,
https://www.fressnapf.de,fressnapf.de,de,2026-01-30 02:51:56.217674,200,https://www.fressnapf.de/,1,1461,text/html;charset=utf-8,,1076011,1,0,OK,Unknown/Error,1,
https://www.petsdeli.de,petsdeli.de,de,2026-01-30 02:51:58.698472,200,https://www.petsdeli.de/,1,342,text/html; charset=utf-8,nginx,13217,1,0,OK,Unknown/Error,1,
https://www.babywalz.de,babywalz.de,de,2026-01-30 02:52:00.044343,200,https://www.baby-walz.de/,1,940,text/html;charset=utf-8,Vercel,160146,1,0,OK,Unknown/Error,1,
https://www.mytoys.de,mytoys.de,de,2026-01-30 02:52:01.988240,200,https://www.otto.de/mytoys/,1,983,text/html;charset=UTF-8,,440734,1,0,OK,Unknown/Error,1,
https://www.lieferando.de,lieferando.de,de,2026-01-30 02:52:03.980956,403,https://www.lieferando.de/,1,321,text/html; charset=UTF-8,cloudflare,7237,1,0,OK,Unknown/Error,1,
https://www.hello-fresh.de,hello-fresh.de,de,2026-01-30 02:52:05.309054,0,,0,0,,,0,0,1,FAIL,Unknown/Error,1,"HTTPSConnectionPool(host='www.hello-fresh.de', port=443): Read timed out. (read timeout=15)"
https://www.gorillas.io,gorillas.io,io,2026-01-30 02:52:21.441887,200,https://gorillas.io/,1,2061,text/html; charset=UTF-8,cloudflare,104723,1,0,OK,Unknown/Error,1,
https://www.flink-food.de,flink-food.de,de,2026-01-30 02:52:24.513251,0,,0,0,,,0,0,1,FAIL,Unknown/Error,1,"HTTPSConnectionPool(host='www.flink-food.de', port=443): Max retries exceeded with url: / (Caused by NameResolutionError(""HTTPSConnection(host='www.flink-food.de', port=443): Failed to resolve 'www.flink-food.de' ([Errno 11001] getaddrinfo failed)""))"
https://www.bringmeister.de,bringmeister.de,de,2026-01-30 02:52:25.564797,0,,0,0,,,0,0,1,FAIL,Unknown/Error,1,"HTTPSConnectionPool(host='www.bringmeister.de', port=443): Max retries exceeded with url: / (Caused by NameResolutionError(""HTTPSConnection(host='www.bringmeister.de', port=443): Failed to resolve 'www.bringmeister.de' ([Errno 11001] getaddrinfo failed)""))"
https://www.booking.com,booking.com,com,2026-01-30 02:52:26.615403,202,https://www.booking.com/,1,361,text/html,nginx,3962,1,0,OK,Unknown/Error,1,
https://www.expedia.de,expedia.de,de,2026-01-30 02:52:28.001456,429,https://www.expedia.de/,1,399,text/html; charset=utf-8,istio-envoy,115223,1,0,OK,Unknown/Error,1,
https://www.opodo.de,opodo.de,de,2026-01-30 02:52:29.410142,200,https://www.opodo.de/,1,517,text/html;charset=UTF-8,cloudflare,108055,1,0,OK,Unknown/Error,1,
https://www.check24.de,check24.de,de,2026-01-30 02:52:30.938834,200,https://www.check24.de/,1,535,text/html; charset=UTF-8,nginx,1892277,1,0,OK,Unknown/Error,1,
https://www.idealo.de,idealo.de,de,2026-01-30 02:52:32.512939,200,https://www.idealo.de/,1,540,text/html,,1113131,1,0,OK,Unknown/Error,1,
https://www.billiger.de,billiger.de,de,2026-01-30 02:52:34.070732,200,https://www.billiger.de/,1,727,text/html; charset=UTF-8,cloudflare,504164,1,0,OK,Unknown/Error,1,
https://www.coolblue.de,coolblue.de,de,2026-01-30 02:52:35.818789,200,https://www.coolblue.de/,1,1381,text/html; charset=utf-8,CloudFront,1097367,1,0,OK,Unknown/Error,1,
https://www.backmarket.de,backmarket.de,de,2026-01-30 02:52:38.214021,200,https://www.backmarket.de/de-de,1,644,text/html;charset=utf-8,cloudflare,1604474,1,0,OK,Unknown/Error,1,
https://www.refurbed.de,refurbed.de,de,2026-01-30 02:52:39.886021,200,https://www.refurbed.de/,1,414,text/html; charset=utf-8,nginx,523496,1,0,OK,Unknown/Error,1,
https://www.apple.com,apple.com,com,2026-01-30 02:52:41.320817,200,https://www.apple.com/,1,410,text/html; charset=utf-8,Apple,239323,1,0,OK,Unknown/Error,1,
https://www.samsung.com,samsung.com,com,2026-01-30 02:52:42.740759,200,https://www.samsung.com/nl/,1,481,text/html; charset=UTF-8,,351954,1,0,OK,Unknown/Error,1,
https://www.sony.de,sony.de,de,2026-01-30 02:52:44.230811,403,https://www.sony.de/,1,419,text/html,,184,1,0,OK,Unknown/Error,1,
https://www.hp.com,hp.com,com,2026-01-30 02:52:45.656953,200,https://www.hp.com/nl-nl/home.html,1,1440,text/html;charset=utf-8,Apache,690990,1,0,OK,Unknown/Error,1,
https://www.lenovo.com,lenovo.com,com,2026-01-30 02:52:48.114007,200,https://www.lenovo.com/nl/nl/,1,581,text/html; charset=utf-8,openresty,796780,1,0,OK,Unknown/Error,1,
https://www.dell.com,dell.com,com,2026-01-30 02:52:49.720607,200,https://www.dell.com/nl-nl,1,640,text/html; charset=utf-8,Kestrel,257830,1,0,OK,Unknown/Error,1,
https://www.microsoft.com,microsoft.com,com,2026-01-30 02:52:51.366908,200,https://www.microsoft.com/,1,274,text/html,AkamaiNetStorage,201253,1,0,OK,Unknown/Error,1,
https://www.nike.com,nike.com,com,2026-01-30 02:52:52.647697,200,https://www.nike.com/nl/,1,614,text/html; charset=UTF-8,unified-edge-router,711206,1,0,OK,Unknown/Error,1,
https://www.adidas.de,adidas.de,de,2026-01-30 02:52:54.281182,403,https://www.adidas.de/,1,306,text/html,AkamaiNetStorage,2937,1,0,OK,Unknown/Error,1,
https://www.puma.com,puma.com,com,2026-01-30 02:52:55.593265,200,https://eu.puma.com/nl/nl/home,1,788,text/html;charset=UTF-8,cloudflare,1273722,1,0,OK,Unknown/Error,1,
https://www.underarmour.de,underarmour.de,de,2026-01-30 02:52:57.411886,200,https://www.underarmour.de/de-de/,1,769,text/html; charset=utf-8,Vercel,405205,1,0,OK,Unknown/Error,1,
https://www.newbalance.de,newbalance.de,de,2026-01-30 02:52:59.189038,403,https://www.newbalance.de/,1,338,text/html,AkamaiGHost,634,1,0,OK,Unknown/Error,1,
https://www.asos.com,asos.com,com,2026-01-30 02:53:00.533726,0,,0,0,,,0,0,1,FAIL,Unknown/Error,1,"HTTPSConnectionPool(host='www.asos.com', port=443): Read timed out. (read timeout=15)"
https://www.boozt.com,boozt.com,com,2026-01-30 02:53:16.754489,200,https://www.boozt.com/nl/nl,1,841,text/html; charset=UTF-8,cloudflare,322619,1,0,OK,Unknown/Error,1,
https://www.mister-spex.de,mister-spex.de,de,2026-01-30 02:53:18.604838,0,,0,0,,,0,0,1,FAIL,Unknown/Error,1,"HTTPSConnectionPool(host='www.mister-spex.de', port=443): Read timed out. (read timeout=15)"
https://www.fielmann.de,fielmann.de,de,2026-01-30 02:53:34.770342,200,https://www.fielmann.de/,1,631,text/html;charset=utf-8,nginx/1.29.4,2075094,1,0,OK,Unknown/Error,1,
https://www.pearle.de,pearle.de,de,2026-01-30 02:53:36.432239,200,https://www.pearle.at/,1,1521,text/html; charset=utf-8,cloudflare,501724,1,0,OK,Unknown/Error,1,
https://www.medpex.de,medpex.de,de,2026-01-30 02:53:38.970902,200,https://www.medpex.de/,1,964,text/html; charset=utf-8,cloudflare,299557,1,0,OK,Unknown/Error,1,
https://www.shop-apotheke.com,shop-apotheke.com,com,2026-01-30 02:53:40.942959,200,https://www.shop-apotheke.com/,1,588,text/html; charset=utf-8,istio-envoy,460943,1,0,OK,Unknown/Error,1,
https://www.docmorris.de,docmorris.de,de,2026-01-30 02:53:42.548220,200,https://www.docmorris.de/,1,1017,text/html; charset=utf-8,cloudflare,360292,1,0,OK,Unknown/Error,1,
https://www.aponeo.de,aponeo.de,de,2026-01-30 02:53:44.573073,200,https://www.aponeo.de/,1,563,text/html; charset=utf-8,Apache/2.4.52 (Ubuntu),430667,1,0,OK,Unknown/Error,1,
https://www.thalia.de,thalia.de,de,2026-01-30 02:53:46.145679,403,https://www.thalia.de/,1,306,text/html; charset=UTF-8,cloudflare,31566,1,0,OK,Unknown/Error,1,
https://www.hugendubel.de,hugendubel.de,de,2026-01-30 02:53:47.479481,200,https://www.hugendubel.de/de,1,610,text/html; charset=utf-8,myracloud,520400,1,0,OK,Unknown/Error,1,
https://www.buecher.de,buecher.de,de,2026-01-30 02:53:49.107041,403,https://www.buecher.de/,1,265,text/html; charset=UTF-8,cloudflare,7234,1,0,OK,Unknown/Error,1,
https://www.audible.de,audible.de,de,2026-01-30 02:53:50.379084,200,https://www.audible.co.uk/?ref=Adbl_ip_rdr_from_DE&source_code=AUK30DFT1BkWS082615905A&ipRedirectFrom=DE&ipRedirectOriginalURL=,1,903,text/html;charset=UTF-8,Server,538192,1,0,OK,Unknown/Error,1,
https://www.spotify.com,spotify.com,com,2026-01-30 02:53:52.296006,200,https://open.spotify.com/intl-de/,1,844,text/html; charset=utf-8,envoy,6064,1,0,OK,Unknown/Error,1,
https://www.netflix.com,netflix.com,com,2026-01-30 02:53:54.145273,200,https://www.netflix.com/nl-en/,1,1186,text/html; charset=utf-8,envoy,524780,1,0,OK,Unknown/Error,1,
https://www.eventim.de,eventim.de,de,2026-01-30 02:53:56.339613,0,,0,0,,,0,0,1,FAIL,Unknown/Error,1,"HTTPSConnectionPool(host='www.eventim.de', port=443): Read timed out. (read timeout=15)"
https://www.ticketmaster.de,ticketmaster.de,de,2026-01-30 02:54:12.581507,200,https://www.ticketmaster.de/,1,454,text/html; charset=utf-8,,497341,1,0,OK,Unknown/Error,1,
https://www.etsy.com,etsy.com,com,2026-01-30 02:54:14.041011,403,https://www.etsy.com/,1,360,text/html;charset=utf-8,DataDome,779,1,0,OK,Unknown/Error,1,
https://www.kaufland.de,kaufland.de,de,2026-01-30 02:54:15.403355,403,https://www.kaufland.de/,1,360,text/html; charset=UTF-8,cloudflare,18322,1,0,OK,Unknown/Error,1,
https://www.manomano.de,manomano.de,de,2026-01-30 02:54:16.771839,403,https://www.manomano.de/,1,343,text/html; charset=UTF-8,cloudflare,7257,1,0,OK,Unknown/Error,1,
https://www.printus.de,printus.de,de,2026-01-30 02:54:18.142130,200,https://www.printus.de/,1,311,text/html,,4664,1,0,OK,Unknown/Error,1,
https://www.office-discount.de,office-discount.de,de,2026-01-30 02:54:19.460893,200,https://www.office-discount.de/,1,286,text/html,,4664,1,0,OK,Unknown/Error,1,
http://kiwea.shop,kiwea.shop,shop,2026-01-30 02:54:20.752268,0,,0,0,,,0,0,1,FAIL,Unknown/Error,1,"('Connection aborted.', ConnectionResetError(10054, 'Eine vorhandene Verbindung wurde vom Remotehost geschlossen', None, 10054, None))"
http://www.gapkleidung.de,gapkleidung.de,de,2026-01-30 02:54:23.099627,0,,0,0,,,0,0,1,FAIL,Unknown/Error,1,"('Connection aborted.', ConnectionResetError(10054, 'Eine vorhandene Verbindung wurde vom Remotehost geschlossen', None, 10054, None))"
http://www.modellbahnshop-club.shop,modellbahnshop-club.shop,shop,2026-01-30 02:54:26.548041,0,,0,0,,,0,0,1,FAIL,Unknown/Error,1,"('Connection aborted.', ConnectionResetError(10054, 'Eine vorhandene Verbindung wurde vom Remotehost geschlossen', None, 10054, None))"
http://www.barzubehoerhaus.com,barzubehoerhaus.com,com,2026-01-30 02:54:28.030219,0,,0,0,,,0,0,1,FAIL,Unknown/Error,1,"('Connection aborted.', ConnectionResetError(10054, 'Eine vorhandene Verbindung wurde vom Remotehost geschlossen', None, 10054, None))"
http://www.brennholz-konig.de,brennholz-konig.de,de,2026-01-30 02:54:32.290307,0,,0,0,,,0,0,1,FAIL,Unknown/Error,1,"('Connection aborted.', ConnectionResetError(10054, 'Eine vorhandene Verbindung wurde vom Remotehost geschlossen', None, 10054, None))"
https://radselect.de,radselect.de,de,2026-01-30 02:54:33.504381,0,,0,0,,,0,0,1,FAIL,Unknown/Error,1,"HTTPSConnectionPool(host='radselect.de', port=443): Read timed out. (read timeout=15)"
https://cashmerancing.com,cashmerancing.com,com,2026-01-30 02:54:49.612848,200,https://cashmerancing.com/,1,4707,text/html; charset=UTF-8,cloudflare,205196,1,0,OK,Unknown/Error,1,
https://giesswein.ro,giesswein.ro,ro,2026-01-30 02:54:55.330408,200,https://www.giesswein.ro/,1,8290,text/html; charset=UTF-8,cloudflare,218532,1,0,OK,Unknown/Error,1,
https://cdrock.monthfox.click,cdrock.monthfox.click,click,2026-01-30 02:55:04.626885,404,https://cdrock.monthfox.click/,1,521,text/html; charset=utf-8,cloudflare,138,1,0,OK,Unknown/Error,1,
https://luxeshopcart.com,luxeshopcart.com,com,2026-01-30 02:55:06.155532,200,https://luxeshopcart.com/,1,902,text/html; charset=utf-8,cloudflare,318985,1,0,OK,Unknown/Error,1,
https://grillzentrum.com,grillzentrum.com,com,2026-01-30 02:55:08.067974,403,https://grillzentrum.com/,1,888,text/html,cloudflare,548,1,0,OK,Unknown/Error,1,
https://belarismall.com,belarismall.com,com,2026-01-30 02:55:09.958451,200,https://belarismall.com/,1,565,text/html; charset=utf-8,cloudflare,94575,1,0,OK,Unknown/Error,1,
https://hardloverz.com,hardloverz.com,com,2026-01-30 02:55:11.528917,200,https://hardloverz.com/,1,469,text/html; charset=utf-8,cloudflare,97405,1,0,OK,Unknown/Error,1,
https://turbotrends.store,turbotrends.store,store,2026-01-30 02:55:13.001364,200,https://turbotrends.store/,1,785,text/html; charset=utf-8,cloudflare,902219,1,0,OK,Unknown/Error,1,
https://ridekraft.de,ridekraft.de,de,2026-01-30 02:55:14.802152,0,,0,0,,,0,0,1,FAIL,Unknown/Error,1,"HTTPSConnectionPool(host='ridekraft.de', port=443): Read timed out. (read timeout=15)"
https://ilair.endmilk.shop,ilair.endmilk.shop,shop,2026-01-30 02:55:31.020514,200,https://ilair.endmilk.shop/,1,537,text/html; charset=utf-8,cloudflare,85097,1,0,OK,Unknown/Error,1,
https://kathielpe.de,kathielpe.de,de,2026-01-30 02:55:32.565252,200,https://kathielpe.de/,1,1690,text/html; charset=UTF-8,cloudflare,92405,1,0,OK,Unknown/Error,1,
https://pipecigardiscount.com,pipecigardiscount.com,com,2026-01-30 02:55:35.269032,200,https://www.pipecigardiscount.com/,1,7783,text/html; charset=UTF-8,cloudflare,214473,1,0,OK,Unknown/Error,1,
https://shelterene.com,shelterene.com,com,2026-01-30 02:55:44.083465,200,https://shelterene.com/,1,612,text/html; charset=utf-8,cloudflare,27780,1,0,OK,Unknown/Error,1,
https://affordableuniquepro.shop,affordableuniquepro.shop,shop,2026-01-30 02:55:45.704779,200,https://affordableuniquepro.shop/,1,1150,text/html; charset=utf-8,cloudflare,61564,1,0,OK,Unknown/Error,1,
https://liport.manhand.shop,liport.manhand.shop,shop,2026-01-30 02:55:47.862124,200,https://liport.manhand.shop/,1,532,text/html; charset=utf-8,cloudflare,41336,1,0,OK,Unknown/Error,1,
https://fideltylife.com,fideltylife.com,com,2026-01-30 02:55:49.398069,200,https://fideltylife.com/,1,1959,text/html; charset=utf-8,cloudflare,565513,1,0,OK,Unknown/Error,1,
https://vivohogarvida.com,vivohogarvida.com,com,2026-01-30 02:55:52.381845,403,https://vivohogarvida.com/,1,492,text/html; charset=UTF-8,cloudflare,8119,1,0,OK,Unknown/Error,1,
https://lmzvay.shop,lmzvay.shop,shop,2026-01-30 02:55:53.877964,0,,0,0,,,0,0,1,FAIL,Unknown/Error,1,"HTTPSConnectionPool(host='lmzvay.shop', port=443): Max retries exceeded with url: / (Caused by NameResolutionError(""HTTPSConnection(host='lmzvay.shop', port=443): Failed to resolve 'lmzvay.shop' ([Errno 11001] getaddrinfo failed)""))"
https://neutoniesrabatt.com,neutoniesrabatt.com,com,2026-01-30 02:55:54.912302,403,https://neutoniesrabatt.com/,1,895,text/html,cloudflare,548,1,0,OK,Unknown/Error,1,
https://carboar.ar,carboar.ar,ar,2026-01-30 02:55:56.811019,403,https://carboar.ar/,1,333,text/html,hcdn,6192,1,0,OK,Unknown/Error,1,
https://tandesamt-portal.de,tandesamt-portal.de,de,2026-01-30 02:55:58.149451,0,,0,0,,,0,0,1,FAIL,Unknown/Error,1,"HTTPSConnectionPool(host='tandesamt-portal.de', port=443): Max retries exceeded with url: / (Caused by NameResolutionError(""HTTPSConnection(host='tandesamt-portal.de', port=443): Failed to resolve 'tandesamt-portal.de' ([Errno 11001] getaddrinfo failed)""))"
https://bylola-store.de,bylola-store.de,de,2026-01-30 02:55:59.187353,200,https://www.bylola-store.de/,1,2341,text/html; charset=UTF-8,cloudflare,800433,1,0,OK,Unknown/Error,1,
https://onavira.com,onavira.com,com,2026-01-30 02:56:02.573521,200,https://onavira.com/,1,771,text/html; charset=utf-8,cloudflare,145954,1,0,OK,Unknown/Error,1,
https://boxx-container.de,boxx-container.de,de,2026-01-30 02:56:04.355025,200,https://boxx-container.de/,1,1084,text/html; charset=UTF-8,LiteSpeed,336460,1,0,OK,Unknown/Error,1,
https://gapkleidung.de,gapkleidung.de,de,2026-01-30 02:56:06.449690,200,https://www.gapkleidung.de/,1,3712,text/html; charset=UTF-8,cloudflare,133175,1,0,OK,Unknown/Error,1,
https://neuertm7-vorwerk.com,neuertm7-vorwerk.com,com,2026-01-30 02:56:11.170278,200,https://neuertm7-vorwerk.com/,1,2907,text/html; charset=UTF-8,nginx,188089,1,0,OK,Unknown/Error,1,
https://bayerischegeschenke.com,bayerischegeschenke.com,com,2026-01-30 02:56:15.088275,200,https://bayerischegeschenke.com/,1,2341,text/html; charset=UTF-8,cloudflare,112860,1,0,OK,Unknown/Error,1,
https://kiwea.shop,kiwea.shop,shop,2026-01-30 02:56:18.433919,200,https://kiwea.shop/,1,2068,text/html; charset=UTF-8,Apache,233817,1,0,OK,Unknown/Error,1,
https://lozukiwojudo.media,lozukiwojudo.media,media,2026-01-30 02:56:21.514733,200,https://lozukiwojudo.media/,1,4851,text/html; charset=UTF-8,cloudflare,55171,1,0,OK,Unknown/Error,1,
https://barzubehoerhaus.com,barzubehoerhaus.com,com,2026-01-30 02:56:27.368667,200,https://www.barzubehoerhaus.com/,1,4873,text/html; charset=UTF-8,cloudflare,63284,1,0,OK,Unknown/Error,1,
https://outdoorerfahrung.com,outdoorerfahrung.com,com,2026-01-30 02:56:33.248125,200,https://www.outdoorerfahrung.com/,1,5183,text/html; charset=UTF-8,cloudflare,399434,1,0,OK,Unknown/Error,1,
https://brennholz-konig.de,brennholz-konig.de,de,2026-01-30 02:56:39.446934,200,https://brennholz-konig.de/,1,718,text/html; charset=utf-8,cloudflare,442798,1,0,OK,Unknown/Error,1,
https://ivfile.hpattack.shop,ivfile.hpattack.shop,shop,2026-01-30 02:56:41.205628,404,https://ivfile.hpattack.shop/,1,576,text/html; charset=utf-8,cloudflare,138,1,0,OK,Unknown/Error,1,
https://oneact.cashglass.shop,oneact.cashglass.shop,shop,2026-01-30 02:56:42.787123,200,https://oneact.cashglass.shop/,1,599,text/html; charset=utf-8,cloudflare,55806,1,0,OK,Unknown/Error,1,
https://modellbahnshop-club.shop,modellbahnshop-club.shop,shop,2026-01-30 02:56:44.392369,200,https://modellbahnshop-club.shop/,1,815,text/html; charset=utf-8,cloudflare,684192,1,0,OK,Unknown/Error,1,
https://moedllbahnlippe.shop,moedllbahnlippe.shop,shop,2026-01-30 02:56:46.240626,200,https://moedllbahnlippe.shop/,1,814,text/html; charset=utf-8,cloudflare,684129,1,0,OK,Unknown/Error,1,
https://liring.hpattack.shop,liring.hpattack.shop,shop,2026-01-30 02:56:48.077316,404,https://liring.hpattack.shop/,1,582,text/html; charset=utf-8,cloudflare,138,1,0,OK,Unknown/Error,1,
https://baybed.cashglass.shop,baybed.cashglass.shop,shop,2026-01-30 02:56:49.667192,200,https://baybed.cashglass.shop/,1,542,text/html; charset=utf-8,cloudflare,79362,1,0,OK,Unknown/Error,1,
https://adl.lreubk.shop,adl.lreubk.shop,shop,2026-01-30 02:56:51.219429,404,https://adl.lreubk.shop/,1,837,text/plain;charset=UTF-8,nginx,0,1,0,OK,Unknown/Error,1,
https://ashbergh.com,ashbergh.com,com,2026-01-30 02:56:53.062664,200,https://www.ashbergh.com/,1,1240,text/html; charset=utf-8,cloudflare,361061,1,0,OK,Unknown/Error,1,
https://e-holzgmbh.com,e-holzgmbh.com,com,2026-01-30 02:56:55.321256,403,https://e-holzgmbh.com/,1,333,text/html,hcdn,6192,1,0,OK,Unknown/Error,1,
https://maisondm.top,maisondm.top,top,2026-01-30 02:56:56.656297,200,https://maisondm.top/,1,610,text/html; charset=utf-8,cloudflare,27780,1,0,OK,Unknown/Error,1,
https://liring.goldpool.shop,liring.goldpool.shop,shop,2026-01-30 02:56:58.287808,404,https://liring.goldpool.shop/,1,626,text/html; charset=utf-8,cloudflare,138,1,0,OK,Unknown/Error,1,
https://emma.oninu.com,emma.oninu.com,com,2026-01-30 02:56:59.922172,0,,0,0,,,0,0,1,FAIL,Unknown/Error,1,"HTTPSConnectionPool(host='emma.oninu.com', port=443): Max retries exceeded with url: / (Caused by NameResolutionError(""HTTPSConnection(host='emma.oninu.com', port=443): Failed to resolve 'emma.oninu.com' ([Errno 11001] getaddrinfo failed)""))"
https://modellde.com,modellde.com,com,2026-01-30 02:57:00.988466,200,https://www.modellde.com/,1,3652,text/html; charset=UTF-8,cloudflare,416998,1,0,OK,Unknown/Error,1,
https://wohnweltplace.com,wohnweltplace.com,com,2026-01-30 02:57:05.646938,200,https://wohnweltplace.com/,1,893,text/html; charset=utf-8,cloudflare,593124,1,0,OK,Unknown/Error,1,
https://pheronaemporium.com,pheronaemporium.com,com,2026-01-30 02:57:07.545439,200,https://pheronaemporium.com/,1,703,text/html; charset=utf-8,cloudflare,93176,1,0,OK,Unknown/Error,1,
https://upcock.dchand.blog,upcock.dchand.blog,blog,2026-01-30 02:57:09.257649,0,,0,0,,,0,0,1,FAIL,Unknown/Error,1,"HTTPSConnectionPool(host='upcock.dchand.blog', port=443): Max retries exceeded with url: / (Caused by NameResolutionError(""HTTPSConnection(host='upcock.dchand.blog', port=443): Failed to resolve 'upcock.dchand.blog' ([Errno 11001] getaddrinfo failed)""))"
https://farmtiermarkt.com,farmtiermarkt.com,com,2026-01-30 02:57:10.330428,200,https://www.farmtiermarkt.com/,1,8809,text/html; charset=UTF-8,cloudflare,142116,1,0,OK,Unknown/Error,1,
https://maisonverkauf.com,maisonverkauf.com,com,2026-01-30 02:57:20.149139,403,https://maisonverkauf.com/,1,601,text/html,cloudflare,548,1,0,OK,Unknown/Error,1,
https://anhangerwagen.com,anhangerwagen.com,com,2026-01-30 02:57:21.753322,403,https://anhangerwagen.com/,1,318,text/html,hcdn,6192,1,0,OK,Unknown/Error,1,
https://holzlangbau.de,holzlangbau.de,de,2026-01-30 02:57:23.078845,0,,0,0,,,0,0,1,FAIL,Unknown/Error,1,"('Connection aborted.', ConnectionResetError(10054, 'Eine vorhandene Verbindung wurde vom Remotehost geschlossen', None, 10054, None))"
https://dolomite.com.de,dolomite.com.de,de,2026-01-30 02:57:24.251409,0,,0,0,,,0,0,1,FAIL,Unknown/Error,1,"HTTPSConnectionPool(host='dolomite.com.de', port=443): Max retries exceeded with url: / (Caused by NameResolutionError(""HTTPSConnection(host='dolomite.com.de', port=443): Failed to resolve 'dolomite.com.de' ([Errno 11001] getaddrinfo failed)""))"
https://solarynix.de,solarynix.de,de,2026-01-30 02:57:25.299995,0,,0,0,,,0,0,1,FAIL,Unknown/Error,1,"HTTPSConnectionPool(host='solarynix.de', port=443): Max retries exceeded with url: / (Caused by NameResolutionError(""HTTPSConnection(host='solarynix.de', port=443): Failed to resolve 'solarynix.de' ([Errno 11002] getaddrinfo failed)""))"
https://theratouch.shop,theratouch.shop,shop,2026-01-30 02:57:26.362298,200,https://theratouch.shop/,1,709,text/html; charset=utf-8,cloudflare,168910,1,0,OK,Unknown/Error,1,
https://glossise.com,glossise.com,com,2026-01-30 02:57:28.076608,200,https://glossise.com/,1,435,text/html; charset=utf-8,cloudflare,174307,1,0,OK,Unknown/Error,1,
https://c-and-a-deutschland.de,c-and-a-deutschland.de,de,2026-01-30 02:57:29.521545,0,,0,0,,,0,0,1,FAIL,Unknown/Error,1,"HTTPSConnectionPool(host='c-and-a-deutschland.de', port=443): Max retries exceeded with url: / (Caused by NameResolutionError(""HTTPSConnection(host='c-and-a-deutschland.de', port=443): Failed to resolve 'c-and-a-deutschland.de' ([Errno 11001] getaddrinfo failed)""))"
https://wellott.com,wellott.com,com,2026-01-30 02:57:30.587324,200,https://wellott.com/,1,599,text/html; charset=utf-8,cloudflare,202122,1,0,OK,Unknown/Error,1,
https://gloreve.com,gloreve.com,com,2026-01-30 02:57:32.193154,200,https://gloreve.com/,1,961,text/html; charset=utf-8,cloudflare,442734,1,0,OK,Unknown/Error,1,
https://paramount668.com,paramount668.com,com,2026-01-30 02:57:34.164165,200,https://paramount668.com/,1,1185,text/html; charset=utf-8,cloudflare,110111,1,0,OK,Unknown/Error,1,
https://hill-heizoel.de,hill-heizoel.de,de,2026-01-30 02:57:36.359070,200,https://hill-heizoel.de/,1,490,text/html,cloudflare,3253,1,0,OK,Unknown/Error,1,
https://brevilledeutschland.de,brevilledeutschland.de,de,2026-01-30 02:57:37.855622,200,https://www.brevilledeutschland.de/,1,3008,text/html; charset=UTF-8,Apache,228431,1,0,OK,Unknown/Error,1,
https://levoit.co.at,levoit.co.at,at,2026-01-30 02:57:41.884892,200,https://www.levoit.co.at/,1,7548,text/html; charset=UTF-8,cloudflare,190802,1,0,OK,Unknown/Error,1,
https://hengjian.eu,hengjian.eu,eu,2026-01-30 02:57:50.443465,200,https://hengjian.eu/,1,973,text/html; charset=UTF-8,Apache,172096,1,0,OK,Unknown/Error,1,
https://muysale.cn,muysale.cn,cn,2026-01-30 02:57:52.421776,200,https://muysale.cn/,1,6790,text/html;charset=utf-8,nginx,233803,1,0,OK,Unknown/Error,1,
https://ulmgmbh.com,ulmgmbh.com,com,2026-01-30 02:58:00.223487,0,,0,0,,,0,0,1,FAIL,Unknown/Error,1,"HTTPSConnectionPool(host='ulmgmbh.com', port=443): Read timed out. (read timeout=15)"
https://tattoo-glanz-pflege.de,tattoo-glanz-pflege.de,de,2026-01-30 02:58:16.426727,200,https://tattoo-glanz-pflege.de/,1,420,text/html; charset=UTF-8,nginx,52177,1,0,OK,Unknown/Error,1,
https://shop-root.de,shop-root.de,de,2026-01-30 02:58:17.853785,0,,0,0,,,0,0,1,FAIL,Unknown/Error,1,"HTTPSConnectionPool(host='shop-root.de', port=443): Max retries exceeded with url: / (Caused by SSLError(SSLError(1, '[SSL: TLSV1_ALERT_INTERNAL_ERROR] tlsv1 alert internal error (_ssl.c:1028)')))"
https://otp-online.de,otp-online.de,de,2026-01-30 02:58:19.025597,200,https://otp-online.de/,1,591,text/html; charset=UTF-8,cloudflare,248601,1,0,OK,Unknown/Error,1,
https://allgamesinone.com,allgamesinone.com,com,2026-01-30 02:58:20.625581,200,https://allgamesinone.com/,1,745,text/html; charset=UTF-8,cloudflare,155465,1,0,OK,Unknown/Error,1,
https://savingstsunami.com,savingstsunami.com,com,2026-01-30 02:58:22.379891,403,https://savingstsunami.com/,1,309,text/html; charset=UTF-8,cloudflare,7385,1,0,OK,Unknown/Error,1,
https://lasportivashop.myshoplaza.com,lasportivashop.myshoplaza.com,com,2026-01-30 02:58:23.697064,418,https://lasportivashop.myshoplaza.com/,1,562,text/html; charset=utf-8,cloudflare,8266,1,0,OK,Unknown/Error,1,
https://haustieralles.com,haustieralles.com,com,2026-01-30 02:58:25.281640,403,https://haustieralles.com/,1,833,text/html,cloudflare,548,1,0,OK,Unknown/Error,1,
https://noija.shop,noija.shop,shop,2026-01-30 02:58:27.121003,0,,0,0,,,0,0,1,FAIL,Unknown/Error,1,"HTTPSConnectionPool(host='noija.shop', port=443): Max retries exceeded with url: / (Caused by NameResolutionError(""HTTPSConnection(host='noija.shop', port=443): Failed to resolve 'noija.shop' ([Errno 11001] getaddrinfo failed)""))"
https://pillenhaus.co,pillenhaus.co,co,2026-01-30 02:58:28.182647,200,https://pillenhaus.co/,1,307,text/html,nginx/1.18.0 (Ubuntu),9446,1,0,OK,Unknown/Error,1,
https://asicsshoe.net,asicsshoe.net,net,2026-01-30 02:58:29.493964,200,https://www.asicsshoe.net/,1,1641,text/html; charset=utf-8,Apache,49890,1,0,OK,Unknown/Error,1,
https://treasureeshop.de,treasureeshop.de,de,2026-01-30 02:58:32.142141,200,https://treasureeshop.de/,1,1090,text/html; charset=utf-8,cloudflare,818770,1,0,OK,Unknown/Error,1,
https://huntersverige-se.com,huntersverige-se.com,com,2026-01-30 02:58:34.239833,200,https://www.huntersverige-se.com/,1,4806,text/html; charset=UTF-8,Apache,267760,1,0,OK,Unknown/Error,1,
https://thelabeel.com,thelabeel.com,com,2026-01-30 02:58:40.056006,404,https://thelabeel.com/,1,391,text/html; charset=utf-8,cloudflare,4377,1,0,OK,Unknown/Error,1,
https://techilabs.com,techilabs.com,com,2026-01-30 02:58:41.449779,200,https://techilabs.com/,1,1421,text/html; charset=utf-8,cloudflare,513678,1,0,OK,Unknown/Error,1,
https://heimvibe.com,heimvibe.com,com,2026-01-30 02:58:43.887411,0,,0,0,,,0,0,1,FAIL,Unknown/Error,1,"HTTPSConnectionPool(host='heimvibe.com', port=443): Max retries exceeded with url: / (Caused by NameResolutionError(""HTTPSConnection(host='heimvibe.com', port=443): Failed to resolve 'heimvibe.com' ([Errno 11001] getaddrinfo failed)""))"
https://24autopartsmaster.com,24autopartsmaster.com,com,2026-01-30 02:58:44.960757,403,https://24autopartsmaster.com/,1,2185,text/plain; charset=UTF-8,cloudflare,30,1,0,OK,Unknown/Error,1,
https://outdoorausruestung.com,outdoorausruestung.com,com,2026-01-30 02:58:48.166590,403,https://outdoorausruestung.com/,1,883,text/html,cloudflare,548,1,0,OK,Unknown/Error,1,
https://lowa-wanderschuhe.com,lowa-wanderschuhe.com,com,2026-01-30 02:58:50.054282,200,https://www.lowa-wanderschuhe.com/,1,1433,text/html; charset=utf-8,cloudflare,29350,1,0,OK,Unknown/Error,1,
https://eintrachtfrankfurttrikots.de,eintrachtfrankfurttrikots.de,de,2026-01-30 02:58:52.495043,521,https://eintrachtfrankfurttrikots.de/,1,495,text/html; charset=UTF-8,cloudflare,7074,1,0,OK,Unknown/Error,1,
https://stark-ebike.de,stark-ebike.de,de,2026-01-30 02:58:53.997317,0,,0,0,,,0,0,1,FAIL,Unknown/Error,1,"HTTPSConnectionPool(host='stark-ebike.de', port=443): Read timed out. (read timeout=15)"
https://mmk-shoppingwelt.de,mmk-shoppingwelt.de,de,2026-01-30 02:59:10.176951,0,,0,0,,,0,0,1,FAIL,Unknown/Error,1,"HTTPSConnectionPool(host='mmk-shoppingwelt.de', port=443): Max retries exceeded with url: / (Caused by NameResolutionError(""HTTPSConnection(host='mmk-shoppingwelt.de', port=443): Failed to resolve 'mmk-shoppingwelt.de' ([Errno 11001] getaddrinfo failed)""))"
https://schraubenpro.com,schraubenpro.com,com,2026-01-30 02:59:11.241639,200,https://www.schraubenpro.com/,1,4942,text/html; charset=UTF-8,cloudflare,100796,1,0,OK,Unknown/Error,1,
https://guewenheimholz.com,guewenheimholz.com,com,2026-01-30 02:59:17.191947,200,https://guewenheimholz.com/,1,3086,text/html; charset=UTF-8,cloudflare,352117,1,0,OK,Unknown/Error,1,
https://sportartikelbox.com,sportartikelbox.com,com,2026-01-30 02:59:21.293043,200,https://www.sportartikelbox.com/,1,5454,text/html; charset=UTF-8,cloudflare,469626,1,0,OK,Unknown/Error,1,
https://filmrabatt.com,filmrabatt.com,com,2026-01-30 02:59:27.754791,403,https://filmrabatt.com/,1,622,text/html,cloudflare,548,1,0,OK,Unknown/Error,1,
https://einzigartigehaustiere.com,einzigartigehaustiere.com,com,2026-01-30 02:59:29.383987,403,https://einzigartigehaustiere.com/,1,681,text/html,cloudflare,548,1,0,OK,Unknown/Error,1,
https://edcbyespritrabatt.com,edcbyespritrabatt.com,com,2026-01-30 02:59:31.095226,403,https://edcbyespritrabatt.com/,1,720,text/html,cloudflare,548,1,0,OK,Unknown/Error,1,
https://destrellson.com,destrellson.com,com,2026-01-30 02:59:32.822192,403,https://destrellson.com/,1,702,text/html,cloudflare,548,1,0,OK,Unknown/Error,1,
https://deschuhebillig.com,deschuhebillig.com,com,2026-01-30 02:59:34.531851,403,https://deschuhebillig.com/,1,670,text/html,cloudflare,548,1,0,OK,Unknown/Error,1,
https://dekucherabatt.com,dekucherabatt.com,com,2026-01-30 02:59:36.206433,0,,0,0,,,0,0,1,FAIL,Unknown/Error,1,"HTTPSConnectionPool(host='dekucherabatt.com', port=443): Max retries exceeded with url: / (Caused by NameResolutionError(""HTTPSConnection(host='dekucherabatt.com', port=443): Failed to resolve 'dekucherabatt.com' ([Errno 11001] getaddrinfo failed)""))"
https://dehundeeinkauf.com,dehundeeinkauf.com,com,2026-01-30 02:59:37.268507,403,https://dehundeeinkauf.com/,1,930,text/html,cloudflare,548,1,0,OK,Unknown/Error,1,
https://de-schuhladen.com,de-schuhladen.com,com,2026-01-30 02:59:39.203024,403,https://de-schuhladen.com/,1,792,text/html,cloudflare,548,1,0,OK,Unknown/Error,1,
https://de-schmuckens.com,de-schmuckens.com,com,2026-01-30 02:59:41.003107,403,https://de-schmuckens.com/,1,889,text/html,cloudflare,548,1,0,OK,Unknown/Error,1,
https://de-fahrradshop.com,de-fahrradshop.com,com,2026-01-30 02:59:42.898270,403,https://de-fahrradshop.com/,1,690,text/html,cloudflare,548,1,0,OK,Unknown/Error,1,
https://dasegelgeschaft.com,dasegelgeschaft.com,com,2026-01-30 02:59:44.591694,403,https://dasegelgeschaft.com/,1,828,text/html,cloudflare,548,1,0,OK,Unknown/Error,1,
https://camptotalneu.com,camptotalneu.com,com,2026-01-30 02:59:46.428971,403,https://camptotalneu.com/,1,1012,text/html,cloudflare,548,1,0,OK,Unknown/Error,1,
https://briospielzeugrabatt.com,briospielzeugrabatt.com,com,2026-01-30 02:59:48.460644,403,https://briospielzeugrabatt.com/,1,849,text/html,cloudflare,548,1,0,OK,Unknown/Error,1,
https://billigelektrofahrrad.com,billigelektrofahrrad.com,com,2026-01-30 02:59:50.315207,403,https://billigelektrofahrrad.com/,1,1010,text/html,cloudflare,548,1,0,OK,Unknown/Error,1,
https://bikepatchkitprada.com,bikepatchkitprada.com,com,2026-01-30 02:59:52.330401,403,https://bikepatchkitprada.com/,1,871,text/html,cloudflare,548,1,0,OK,Unknown/Error,1,
https://bikecomponentsde.com,bikecomponentsde.com,com,2026-01-30 02:59:54.207561,403,https://bikecomponentsde.com/,1,781,text/html,cloudflare,548,1,0,OK,Unknown/Error,1,
https://badeanzugeneu.com,badeanzugeneu.com,com,2026-01-30 02:59:56.002786,403,https://badeanzugeneu.com/,1,899,text/html,cloudflare,548,1,0,OK,Unknown/Error,1,
https://babyweltde.com,babyweltde.com,com,2026-01-30 02:59:57.906149,403,https://babyweltde.com/,1,585,text/html,cloudflare,548,1,0,OK,Unknown/Error,1,
https://babymarktkauf.com,babymarktkauf.com,com,2026-01-30 02:59:59.495094,403,https://babymarktkauf.com/,1,802,text/html,cloudflare,548,1,0,OK,Unknown/Error,1,
https://angelzubehoerladen.com,angelzubehoerladen.com,com,2026-01-30 03:00:01.301639,403,https://angelzubehoerladen.com/,1,734,text/html,cloudflare,548,1,0,OK,Unknown/Error,1,
https://msmmetallindustry.com,msmmetallindustry.com,com,2026-01-30 03:00:03.040249,200,https://msmmetallindustry.com/,1,413,text/html; charset=UTF-8,nginx,194262,1,0,OK,Unknown/Error,1,
https://asfishop.com,asfishop.com,com,2026-01-30 03:00:04.462168,0,,0,0,,,0,0,1,FAIL,Unknown/Error,1,"HTTPSConnectionPool(host='asfishop.com', port=443): Max retries exceeded with url: / (Caused by NameResolutionError(""HTTPSConnection(host='asfishop.com', port=443): Failed to resolve 'asfishop.com' ([Errno 11001] getaddrinfo failed)""))"
https://modellwelt24.com,modellwelt24.com,com,2026-01-30 03:00:05.525929,200,https://www.modellwelt24.com/,1,4940,text/html; charset=UTF-8,cloudflare,142933,1,0,OK,Unknown/Error,1,
https://aoxji.shop,aoxji.shop,shop,2026-01-30 03:00:11.473075,0,,0,0,,,0,0,1,FAIL,Unknown/Error,1,"HTTPSConnectionPool(host='aoxji.shop', port=443): Max retries exceeded with url: / (Caused by NameResolutionError(""HTTPSConnection(host='aoxji.shop', port=443): Failed to resolve 'aoxji.shop' ([Errno 11001] getaddrinfo failed)""))"
https://opyiazki.shop,opyiazki.shop,shop,2026-01-30 03:00:12.515747,403,https://opyiazki.shop/,1,398,text/html; charset=UTF-8,cloudflare,8108,1,0,OK,Unknown/Error,1,
https://lampespromo.com,lampespromo.com,com,2026-01-30 03:00:13.921129,403,https://lampespromo.com/,1,871,text/html,cloudflare,548,1,0,OK,Unknown/Error,1,
https://grillzubehoer-de.com,grillzubehoer-de.com,com,2026-01-30 03:00:15.796878,403,https://grillzubehoer-de.com/,1,2374,text/html; charset=UTF-8,cloudflare,0,1,0,OK,Unknown/Error,1,
https://schwfoto.com,schwfoto.com,com,2026-01-30 03:00:19.177757,200,https://www.schwfoto.com/,1,3423,text/html; charset=UTF-8,cloudflare,398978,1,0,OK,Unknown/Error,1,
https://desklamplex.com,desklamplex.com,com,2026-01-30 03:00:23.612666,403,https://desklamplex.com/,1,707,text/html,cloudflare,548,1,0,OK,Unknown/Error,1,
https://www.saturn.de,saturn.de,de,2026-01-30 03:00:25.326887,403,https://www.saturn.de/,1,293,text/html; charset=UTF-8,cloudflare,10007,1,0,OK,Unknown/Error,1,
https://www.conrad.de,conrad.de,de,2026-01-30 03:00:26.624191,200,https://www.conrad.de/,1,329,text/html;charset=utf-8,cloudflare,343273,1,0,OK,Unknown/Error,1,
https://www.notebooksbilliger.de,notebooksbilliger.de,de,2026-01-30 03:00:27.958320,403,https://www.notebooksbilliger.de/,1,393,text/html,,871,1,0,OK,Unknown/Error,1,
https://www.cyberport.de,cyberport.de,de,2026-01-30 03:00:29.384545,403,https://www.cyberport.de/,1,352,text/html; charset=UTF-8,cloudflare,5455,1,0,OK,Unknown/Error,1,
https://www.alternate.de,alternate.de,de,2026-01-30 03:00:30.739197,200,https://www.alternate.de/,1,540,text/html;charset=UTF-8,cloudflare,132118,1,0,OK,Unknown/Error,1,
https://www.bonprix.de,bonprix.de,de,2026-01-30 03:00:32.290134,200,https://www.bonprix.de/,1,609,text/html;charset=UTF-8,CloudFront,541895,1,0,OK,Unknown/Error,1,
https://www.hugendubel.de,hugendubel.de,de,2026-01-30 03:00:33.915079,200,https://www.hugendubel.de/de,1,442,text/html; charset=utf-8,myracloud,520400,1,0,OK,Unknown/Error,1,
https://www.buecher.de,buecher.de,de,2026-01-30 03:00:35.365001,403,https://www.buecher.de/,1,341,text/html; charset=UTF-8,cloudflare,7448,1,0,OK,Unknown/Error,1,
https://www.thalia.de,thalia.de,de,2026-01-30 03:00:36.712370,403,https://www.thalia.de/,1,326,text/html; charset=UTF-8,cloudflare,31758,1,0,OK,Unknown/Error,1,
https://www.rewe.de/shop,rewe.de,de,2026-01-30 03:00:38.046093,403,https://www.rewe.de/shop,0,449,text/html; charset=UTF-8,cloudflare,254090,1,0,OK,Unknown/Error,1,
https://www.dm.de,dm.de,de,2026-01-30 03:00:39.499906,200,https://www.dm.de/,1,310,text/html; charset=utf-8,,10975,1,0,OK,Unknown/Error,1,
https://www.ikea.com/de,ikea.com,com,2026-01-30 03:00:40.816666,200,https://www.ikea.com/de/de/,1,1152,text/html; charset=utf-8,cloudflare,531814,1,0,OK,Unknown/Error,1,
https://www.decathlon.de,decathlon.de,de,2026-01-30 03:00:42.991256,403,https://www.decathlon.de/,1,303,text/html; charset=UTF-8,cloudflare,7428,1,0,OK,Unknown/Error,1,
https://www.snipes.com,snipes.com,com,2026-01-30 03:00:44.325973,200,https://www.snipes.com/,1,706,text/html; charset=utf-8,cloudflare,3605567,1,0,OK,Unknown/Error,1,
https://www.mytoys.de,mytoys.de,de,2026-01-30 03:00:46.048756,200,https://www.otto.de/mytoys/,1,820,text/html;charset=UTF-8,,435236,1,0,OK,Unknown/Error,1,
https://www.jako-o.com,jako-o.com,com,2026-01-30 03:00:47.886499,200,https://www.jako-o.com/,1,707,text/html; charset=utf-8,nginx,1235927,1,0,OK,Unknown/Error,1,
https://www.hellofresh.de,hellofresh.de,de,2026-01-30 03:00:49.611386,200,https://www.hellofresh.de/,1,1111,text/html; charset=utf-8,cloudflare,731312,1,0,OK,Unknown/Error,1,
https://www.berge-und-meer.de,berge-und-meer.de,de,2026-01-30 03:00:51.737786,404,https://www.berge-und-meer.de/,1,378,text/html,,548,1,0,OK,Unknown/Error,1,
https://www.hornbach.de,hornbach.de,de,2026-01-30 03:00:53.120841,200,https://www.hornbach.de/,1,330,text/html; charset=utf-8,,3099,1,0,OK,Unknown/Error,1,
https://www.obi.de,obi.de,de,2026-01-30 03:00:54.456914,200,https://www.obi.de/,1,393,text/html;charset=utf-8,CloudFront,542561,1,0,OK,Unknown/Error,1,
https://www.toom.de,toom.de,de,2026-01-30 03:00:55.866526,200,https://toom.de/,1,728,text/html;charset=utf-8,,775295,1,0,OK,Unknown/Error,1,
https://www.wayfair.de,wayfair.de,de,2026-01-30 03:00:57.606235,200,https://www.wayfair.de/announcement,1,381,text/html,cloudflare,10785,1,0,OK,Unknown/Error,1,
https://www.home24.de,home24.de,de,2026-01-30 03:00:58.994061,403,https://www.home24.de/,1,559,text/html,,3900,1,0,OK,Unknown/Error,1,
https://www.moebel.de,moebel.de,de,2026-01-30 03:01:00.562312,200,https://www.moebel.de/,1,580,text/html; charset=utf-8,cloudflare,927073,1,0,OK,Unknown/Error,1,
https://www.xxxlutz.de,xxxlutz.de,de,2026-01-30 03:01:02.165060,403,https://www.xxxlutz.de/,1,238,text/html; charset=UTF-8,cloudflare,7448,1,0,OK,Unknown/Error,1,
https://www.schecker.de,schecker.de,de,2026-01-30 03:01:03.405780,200,https://www.schecker.de/,1,479,text/html; charset=UTF-8,nginx,361019,1,0,OK,Unknown/Error,1,
https://www.zooplus.de,zooplus.de,de,2026-01-30 03:01:04.891640,200,https://www.zooplus.de/,1,615,text/html; charset=utf-8,istio-envoy,960082,1,0,OK,Unknown/Error,1,
https://www.fressnapf.de,fressnapf.de,de,2026-01-30 03:01:06.529447,200,https://www.fressnapf.de/,1,1017,text/html;charset=utf-8,,1176299,1,0,OK,Unknown/Error,1,
https://www.reichelt.de,reichelt.de,de,2026-01-30 03:01:08.568346,200,https://www.reichelt.de/,1,909,text/html; charset=utf-8,myracloud,208346,1,0,OK,Unknown/Error,1,
https://www.euronics.de,euronics.de,de,2026-01-30 03:01:10.482396,405,https://www.euronics.de/,1,260,text/html; charset=UTF-8,awselb/2.0,2109,1,0,OK,Unknown/Error,1,
https://www.mindfactory.de,mindfactory.de,de,2026-01-30 03:01:11.750370,200,https://www.mindfactory.de/,1,401,text/html; charset=iso-8859-15,Apache,2088,1,0,OK,Unknown/Error,1,
https://www.computeruniverse.net,computeruniverse.net,net,2026-01-30 03:01:13.197284,403,https://www.computeruniverse.net/,1,404,text/html; charset=UTF-8,cloudflare,5463,1,0,OK,Unknown/Error,1,
https://www.consumer.huawei.com/de,consumer.huawei.com,com,2026-01-30 03:01:14.605952,0,,0,0,,,0,0,1,FAIL,Unknown/Error,1,"HTTPSConnectionPool(host='www.consumer.huawei.com', port=443): Max retries exceeded with url: /de (Caused by NameResolutionError(""HTTPSConnection(host='www.consumer.huawei.com', port=443): Failed to resolve 'www.consumer.huawei.com' ([Errno 11001] getaddrinfo failed)""))"
https://www.samsung.com/de,samsung.com,com,2026-01-30 03:01:15.693835,200,https://www.samsung.com/de/,1,488,text/html; charset=UTF-8,,371960,1,0,OK,Unknown/Error,1,
https://www.snipes.com,snipes.com,com,2026-01-30 03:01:17.209498,200,https://www.snipes.com/,1,2385,text/html; charset=utf-8,cloudflare,3605567,1,0,OK,Unknown/Error,1,
https://www.outfittery.de,outfittery.de,de,2026-01-30 03:01:20.648255,200,https://outfittery.de/,1,727,text/html; charset=utf-8,,57823,1,0,OK,Unknown/Error,1,
https://www.nike.com/de,nike.com,com,2026-01-30 03:01:22.380415,200,https://www.nike.com/de,0,836,text/html; charset=UTF-8,unified-edge-router,711945,1,0,OK,Unknown/Error,1,
https://www.adidas.de,adidas.de,de,2026-01-30 03:01:24.222732,403,https://www.adidas.de/,1,278,text/html,AkamaiNetStorage,2937,1,0,OK,Unknown/Error,1,
https://shop.mango.com/de,shop.mango.com,com,2026-01-30 03:01:25.506530,403,https://shop.mango.com/de,0,284,text/html,AkamaiGHost,366,1,0,OK,Unknown/Error,1,
https://www.uniqlo.com/de,uniqlo.com,com,2026-01-30 03:01:26.796757,200,https://www.uniqlo.com/de/de/,1,637,text/html,nginx,1473010,1,0,OK,Unknown/Error,1,
https://www.arket.com/de,arket.com,com,2026-01-30 03:01:28.444914,403,https://www.arket.com/de,0,430,text/html,AkamaiGHost,369,1,0,OK,Unknown/Error,1,
https://www.tom-tailor.eu,tom-tailor.eu,eu,2026-01-30 03:01:29.881411,200,https://www.tom-tailor.eu/,1,1977,text/html; charset=utf-8,Netlify,1775438,1,0,OK,Unknown/Error,1,
https://www.soliver.de,soliver.de,de,2026-01-30 03:01:32.894256,200,https://www.soliver.de/,1,431,text/html;charset=utf-8,cloudflare,378483,1,0,OK,Unknown/Error,1,
https://www.zara.com/de,zara.com,com,2026-01-30 03:01:34.363852,403,https://www.zara.com/de,0,337,text/html,,194,1,0,OK,Unknown/Error,1,
https://www.hugoboss.com,hugoboss.com,com,2026-01-30 03:01:35.706761,200,https://www.hugoboss.com/nl/home,1,552,text/html;charset=UTF-8,cloudflare,309571,1,0,OK,Unknown/Error,1,
https://www.peek-cloppenburg.de,peek-cloppenburg.de,de,2026-01-30 03:01:37.275895,403,https://www.peek-cloppenburg.de/,1,305,text/html; charset=UTF-8,cloudflare,7585,1,0,OK,Unknown/Error,1,
https://www.humanic.net/de,humanic.net,net,2026-01-30 03:01:38.585004,200,https://www.humanic.net/de,0,706,text/html;charset=UTF-8,cloudflare,375387,1,0,OK,Unknown/Error,1,
https://www.asos.com/de,asos.com,com,2026-01-30 03:01:40.295968,0,,0,0,,,0,0,1,FAIL,Unknown/Error,1,"HTTPSConnectionPool(host='www.asos.com', port=443): Read timed out. (read timeout=15)"
https://www.limango.de,limango.de,de,2026-01-30 03:01:56.550976,200,https://www.limango.de/,1,588,text/html; charset=utf-8,nginx,798242,1,0,OK,Unknown/Error,1,
https://www.vertbaudet.de,vertbaudet.de,de,2026-01-30 03:01:58.152911,403,https://www.vertbaudet.de/,1,442,text/html; charset=UTF-8,cloudflare,112834,1,0,OK,Unknown/Error,1,
https://www.jacadi.de,jacadi.de,de,2026-01-30 03:01:59.603889,403,https://www.jacadi.de/,1,288,text/html,AkamaiGHost,367,1,0,OK,Unknown/Error,1,
https://www.sisley.com,sisley.com,com,2026-01-30 03:02:00.897394,200,https://gb.sisley.com/on/demandware.store/Sites-SY_en-Site/en_GB/CountrySelector-Splash,1,971,text/html;charset=UTF-8,cloudflare,21768,1,0,OK,Unknown/Error,1,
https://www.hoeffner.de,hoeffner.de,de,2026-01-30 03:02:02.872766,200,https://www.hoeffner.de/,1,653,text/html; charset=utf-8,,381716,1,0,OK,Unknown/Error,1,
https://www.segmueller.de,segmueller.de,de,2026-01-30 03:02:04.558260,200,https://www.segmueller.de/,1,736,text/html; charset=utf-8,nginx,1463473,1,0,OK,Unknown/Error,1,
https://www.poco.de,poco.de,de,2026-01-30 03:02:06.301664,403,https://www.poco.de/,1,401,text/html; charset=UTF-8,cloudflare,7210,1,0,OK,Unknown/Error,1,
https://www.sconto.de,sconto.de,de,2026-01-30 03:02:07.705407,200,https://www.sconto.de/,1,399,text/html; charset=utf-8,,322962,1,0,OK,Unknown/Error,1,
https://www.obi.de,obi.de,de,2026-01-30 03:02:09.116259,200,https://www.obi.de/,1,401,text/html;charset=utf-8,CloudFront,542561,1,0,OK,Unknown/Error,1,
https://www.hornbach.de,hornbach.de,de,2026-01-30 03:02:10.526743,200,https://www.hornbach.de/,1,320,text/html; charset=utf-8,,3099,1,0,OK,Unknown/Error,1,
https://www.bauhaus.info,bauhaus.info,info,2026-01-30 03:02:11.851450,403,https://www.bauhaus.info/,1,449,text/html; charset=UTF-8,cloudflare,629778,1,0,OK,Unknown/Error,1,
https://www.hagebau.de,hagebau.de,de,2026-01-30 03:02:13.314334,200,https://www.hagebau.de/,1,776,text/html;charset=UTF-8,nginx,805687,1,0,OK,Unknown/Error,1,
https://www.dehner.de,dehner.de,de,2026-01-30 03:02:15.113700,200,https://www.dehner.de/,1,488,text/html; charset=UTF-8,nginx,789626,1,0,OK,Unknown/Error,1,
https://www.toom.de,toom.de,de,2026-01-30 03:02:16.625520,200,https://toom.de/,1,636,text/html;charset=utf-8,,775295,1,0,OK,Unknown/Error,1,
https://www.xxxlutz.de,xxxlutz.de,de,2026-01-30 03:02:18.272405,403,https://www.xxxlutz.de/,1,252,text/html; charset=UTF-8,cloudflare,7426,1,0,OK,Unknown/Error,1,
https://www.deubaxxl.de,deubaxxl.de,de,2026-01-30 03:02:19.537960,200,https://www.deubaxxl.de/,1,436,text/html; charset=UTF-8,cloudflare,980882,1,0,OK,Unknown/Error,1,
https://www.feinkost-kaefer.de,feinkost-kaefer.de,de,2026-01-30 03:02:20.990223,200,https://www.feinkost-kaefer.de/,1,585,text/html; charset=utf-8,cloudflare,2579112,1,0,OK,Unknown/Error,1,
https://www.1001lights.com,1001lights.com,com,2026-01-30 03:02:22.602040,200,https://www.1001lights.com/de-de/?___store=de_1001lights&auto_redirect=1,1,832,text/html; charset=UTF-8,nginx,135259,1,0,OK,Unknown/Error,1,
https://www.lampenwelt.de,lampenwelt.de,de,2026-01-30 03:02:24.442503,200,https://www.lampenwelt.de/,1,423,text/html; charset=UTF-8,,458475,1,0,OK,Unknown/Error,1,
https://www.thalia.de,thalia.de,de,2026-01-30 03:02:25.874862,403,https://www.thalia.de/,1,300,text/html; charset=UTF-8,cloudflare,31780,1,0,OK,Unknown/Error,1,
https://www.hugendubel.de,hugendubel.de,de,2026-01-30 03:02:27.182742,200,https://www.hugendubel.de/de,1,452,text/html; charset=utf-8,myracloud,520400,1,0,OK,Unknown/Error,1,
https://www.buecher.de,buecher.de,de,2026-01-30 03:02:28.643139,403,https://www.buecher.de/,1,293,text/html; charset=UTF-8,cloudflare,7448,1,0,OK,Unknown/Error,1,
https://www.jpc.de,jpc.de,de,2026-01-30 03:02:29.942263,200,https://www.jpc.de/,1,611,text/html; charset=utf-8,envoy,216013,1,0,OK,Unknown/Error,1,
https://www.musik-produktiv.de,musik-produktiv.de,de,2026-01-30 03:02:31.557207,200,https://www.musik-produktiv.de/,1,328,text/html; charset=utf-8,cloudflare,49527,1,0,OK,Unknown/Error,1,
https://www.atu.de,atu.de,de,2026-01-30 03:02:32.893164,200,https://www.atu.de/,1,504,text/html;charset=UTF-8,cloudflare,153952,1,0,OK,Unknown/Error,1,
https://www.gamestop.de,gamestop.de,de,2026-01-30 03:02:34.431333,200,https://www.gamestop.de/,1,281,text/html,AmazonS3,2101,1,0,OK,Unknown/Error,1,
https://www.gleisdreieck.de,gleisdreieck.de,de,2026-01-30 03:02:35.718321,0,,0,0,,,0,0,1,FAIL,Unknown/Error,1,"HTTPSConnectionPool(host='www.gleisdreieck.de', port=443): Read timed out. (read timeout=15)"
https://www.parfumdreams.de,parfumdreams.de,de,2026-01-30 03:02:51.864221,200,https://www.parfumdreams.de/,1,469,text/html; charset=utf-8,HAProxy,1500702,1,0,OK,Unknown/Error,1,
https://www.asambeauty.com,asambeauty.com,com,2026-01-30 03:02:53.369523,200,https://www.asambeauty.com/,1,400,text/html,CloudFront,190669,1,0,OK,Unknown/Error,1,
https://www.idee-shop.com,idee-shop.com,com,2026-01-30 03:02:54.779746,200,https://www.idee-shop.com/,1,462,text/html; charset=UTF-8,nginx/1.28.0,1374784,1,0,OK,Unknown/Error,1,
https://www.dm.de,dm.de,de,2026-01-30 03:02:56.272760,200,https://www.dm.de/,1,281,text/html; charset=utf-8,,10975,1,0,OK,Unknown/Error,1,
https://www.rossmann.de,rossmann.de,de,2026-01-30 03:02:57.558296,200,https://www.rossmann.de/de/,1,663,text/html; charset=utf-8,,3099,1,0,OK,Unknown/Error,1,
https://www.windeln.de,windeln.de,de,2026-01-30 03:02:59.228569,200,https://www.windeln.de/,1,551,text/html; charset=UTF-8,cloudflare,337779,1,0,OK,Unknown/Error,1,
https://www.baby-walz.de,baby-walz.de,de,2026-01-30 03:03:00.794190,200,https://www.baby-walz.de/,1,421,text/html;charset=utf-8,Vercel,588729,1,0,OK,Unknown/Error,1,
https://www.babyone.de,babyone.de,de,2026-01-30 03:03:02.229438,200,https://www.babyone.de/,1,402,text/html; charset=UTF-8,smoxy,816041,1,0,OK,Unknown/Error,1,
https://www.babymarkt.de,babymarkt.de,de,2026-01-30 03:03:03.680218,200,https://www.babymarkt.com/de/,1,868,text/html;charset=utf-8,Vercel,447909,1,0,OK,Unknown/Error,1,
https://www.zooplus.de,zooplus.de,de,2026-01-30 03:03:05.555418,200,https://www.zooplus.de/,1,558,text/html; charset=utf-8,istio-envoy,960082,1,0,OK,Unknown/Error,1,
https://www.fressnapf.de,fressnapf.de,de,2026-01-30 03:03:07.122093,200,https://www.fressnapf.de/,1,644,text/html;charset=utf-8,,1076011,1,0,OK,Unknown/Error,1,
https://www.bitiba.de,bitiba.de,de,2026-01-30 03:03:08.804065,200,https://www.bitiba.de/,1,722,text/html; charset=utf-8,istio-envoy,381650,1,0,OK,Unknown/Error,1,
https://www.footlocker.de,footlocker.de,de,2026-01-30 03:03:10.533363,200,https://www.footlocker.de/,1,418,text/html; charset=utf-8,nginx,547184,1,0,OK,Unknown/Error,1,
https://www.deichmann.com,deichmann.com,com,2026-01-30 03:03:11.965565,200,https://www.vanharen.nl/nl-nl/,1,932,text/html; charset=utf-8,cloudflare,1469105,1,0,OK,Unknown/Error,1,
https://www.globetrotter.de,globetrotter.de,de,2026-01-30 03:03:13.928457,200,https://www.globetrotter.de/,1,488,text/html;charset=UTF-8,nginx,495407,1,0,OK,Unknown/Error,1,
https://www.chasin-nc.com,chasin-nc.com,com,2026-01-30 03:03:15.429915,0,,0,0,,,0,0,1,FAIL,Unknown/Error,1,"HTTPSConnectionPool(host='www.chasin-nc.com', port=443): Max retries exceeded with url: / (Caused by NameResolutionError(""HTTPSConnection(host='www.chasin-nc.com', port=443): Failed to resolve 'www.chasin-nc.com' ([Errno 11001] getaddrinfo failed)""))"
https://www.hellofresh.de,hellofresh.de,de,2026-01-30 03:03:16.497635,200,https://www.hellofresh.de/,1,707,text/html; charset=utf-8,cloudflare,731312,1,0,OK,Unknown/Error,1,
https://www.kaufland.de,kaufland.de,de,2026-01-30 03:03:18.229537,403,https://www.kaufland.de/,1,348,text/html; charset=UTF-8,cloudflare,18322,1,0,OK,Unknown/Error,1,
https://www.mytime.de,mytime.de,de,2026-01-30 03:03:19.607897,200,https://www.mytime.de/,1,716,text/html; charset=UTF-8,Apache,291408,1,0,OK,Unknown/Error,1,
https://www.kaefer-shop.de,kaefer-shop.de,de,2026-01-30 03:03:21.334813,0,,0,0,,,0,0,1,FAIL,Unknown/Error,1,"HTTPSConnectionPool(host='www.kaefer-shop.de', port=443): Max retries exceeded with url: / (Caused by NameResolutionError(""HTTPSConnection(host='www.kaefer-shop.de', port=443): Failed to resolve 'www.kaefer-shop.de' ([Errno 11001] getaddrinfo failed)""))"
https://www.bueroshop24.de,bueroshop24.de,de,2026-01-30 03:03:22.413414,200,https://www.bueroshop24.de/,1,287,text/html,,4664,1,0,OK,Unknown/Error,1,
https://www.office-discount.de,office-discount.de,de,2026-01-30 03:03:23.707041,200,https://www.office-discount.de/,1,284,text/html,,4664,1,0,OK,Unknown/Error,1,
https://www.thomann.de,thomann.de,de,2026-01-30 03:03:24.996986,200,https://www.thomann.de/intl/index.html,1,677,text/html; charset=UTF-8,cloudflare,565420,1,0,OK,Unknown/Error,1,
